"Kod";"Nazwa";"ogółem;2002;[zł]";"ogółem;2003;[zł]";"ogółem;2004;[zł]";"ogółem;2005;[zł]";"ogółem;2006;[zł]";"ogółem;2007;[zł]";"ogółem;2008;[zł]";"ogółem;2009;[zł]";"ogółem;2010;[zł]";"ogółem;2011;[zł]";"ogółem;2012;[zł]";"ogółem;2013;[zł]";"ogółem;2014;[zł]";"ogółem;2015;[zł]";
0000000000;"POLSKA";2239,56;2314,66;2409,69;2506,93;2636,81;2866,04;3158,48;3315,38;3435,00;3625,21;3744,38;3877,43;4003,99;4150,88;
1000000000;"Region centralny";2675,54;2775,31;2873,22;2993,04;3136,00;3404,06;3751,54;3913,52;4025,26;4243,31;4379,06;4515,75;4661,69;4831,37;
1100000000;"ŁÓDZKIE";1966,22;2024,32;2123,36;2188,15;2287,90;2470,86;2740,58;2884,60;3066,02;3245,97;3383,30;3510,20;3618,63;3790,76;
1101500000;"PODREGION 15 - ŁÓDZKI";1724,19;1818,59;1888,93;1941,29;2048,99;2211,83;2487,76;2584,42;2705,93;2894,52;2992,86;3110,25;3209,75;3394,76;
1101506000;"Powiat łódzki wschodni";1647,74;1762,31;1791,79;1836,05;1939,69;2126,36;2303,11;2447,97;2554,12;2677,69;2689,61;2796,04;2951,68;3118,38;
1101508000;"Powiat pabianicki";1763,97;1857,39;1913,13;1980,37;2045,07;2158,65;2430,88;2519,87;2622,52;2812,11;2920,50;3094,69;3189,30;3402,55;
1101520000;"Powiat zgierski";1733,35;1827,59;1927,38;1977,92;2135,01;2333,99;2661,35;2743,16;2870,60;3100,15;3222,12;3301,43;3389,26;3573,69;
1101521000;"Powiat brzeziński";1521,95;1597,31;1659,85;1666,97;1705,66;1832,80;1992,51;2163,93;2379,47;2440,72;2559,61;2607,32;2647,73;2748,42;
1101600000;"PODREGION 16 - M. ŁÓDŹ";2102,42;2164,79;2293,67;2401,67;2500,84;2698,09;3002,12;3159,24;3243,15;3427,06;3568,84;3710,91;3837,47;4047,78;
1101661000;"Powiat m.Łódź";2102,42;2164,79;2293,67;2401,67;2500,84;2698,09;3002,12;3159,24;3243,15;3427,06;3568,84;3710,91;3837,47;4047,78;
1101700000;"PODREGION 17 - PIOTRKOWSKI";2057,28;2093,68;2203,85;2215,11;2311,55;2471,31;2718,20;2870,20;3297,76;3521,42;3716,14;3814,85;3909,40;4080,69;
1101701000;"Powiat bełchatowski";2970,31;3019,04;3291,46;3133,78;3222,41;3415,66;3745,53;3958,40;4628,24;4940,22;5244,60;5512,35;5578,37;5791,89;
1101707000;"Powiat opoczyński";1951,86;1934,61;2020,22;2095,33;2154,67;2304,53;2494,48;2438,50;2650,06;2856,43;2930,75;3004,95;3087,19;3174,36;
1101710000;"Powiat piotrkowski";1583,62;1633,99;1656,89;1680,07;1771,10;1915,05;2228,74;2346,40;2463,77;2651,98;2804,34;2886,28;2957,04;3058,72;
1101712000;"Powiat radomszczański";1661,01;1648,68;1678,78;1734,71;1804,39;1948,95;2182,42;2362,69;2470,64;2631,03;2727,27;2838,40;2994,84;3088,13;
1101716000;"Powiat tomaszowski";1693,06;1769,00;1837,38;1915,00;2006,06;2131,36;2386,32;2526,55;2745,64;2823,87;2955,16;3009,61;3094,40;3258,86;
1101762000;"Powiat m.Piotrków Trybunalski";1632,58;1657,79;1694,80;1779,12;1904,33;2038,83;2236,07;2357,31;2460,57;2577,18;2741,58;2769,22;2952,79;3107,13;
1101800000;"PODREGION 18 - SIERADZKI";1703,30;1756,56;1810,62;1864,09;1971,40;2154,56;2408,12;2536,43;2666,84;2784,94;2894,84;3027,70;3132,10;3244,38;
1101803000;"Powiat łaski";1639,84;1703,00;1726,31;1780,05;1818,77;1974,65;2216,28;2340,75;2481,94;2572,43;2656,34;2749,14;2843,66;2954,03;
1101809000;"Powiat pajęczański";1797,49;1876,58;1932,39;2006,22;2226,46;2369,57;2620,17;2817,42;2950,74;3061,69;3107,48;3227,39;3339,61;3429,55;
1101811000;"Powiat poddębicki";1619,07;1730,05;1791,63;1870,70;1999,19;2257,29;2717,44;2908,49;3087,08;3294,65;3498,97;3690,42;3743,12;3900,35;
1101814000;"Powiat sieradzki";1784,81;1839,17;1885,54;1932,30;2025,48;2230,79;2492,09;2633,64;2766,04;2895,40;3004,55;3082,99;3205,91;3297,51;
1101817000;"Powiat wieluński";1595,23;1646,06;1730,84;1777,06;1847,60;2027,69;2276,32;2361,93;2458,98;2576,71;2778,75;2987,22;3148,95;3252,66;
1101818000;"Powiat wieruszowski";1604,22;1698,86;1730,61;1753,18;1976,28;2112,16;2307,55;2361,88;2460,96;2538,28;2620,86;2722,07;2797,73;2976,04;
1101819000;"Powiat zduńskowolski";1759,22;1760,49;1823,30;1902,37;1990,10;2185,13;2411,23;2536,23;2683,69;2788,39;2832,65;2986,98;3051,23;3146,61;
1101900000;"PODREGION 19 - SKIERNIEWICKI";1832,18;1898,91;1966,42;2028,89;2106,53;2302,16;2494,83;2670,52;2810,76;2945,41;3036,60;3172,21;3276,14;3373,29;
1101902000;"Powiat kutnowski";1874,25;1924,06;2036,36;2103,56;2127,10;2356,15;2553,09;2748,82;2871,15;3027,99;3179,27;3265,05;3396,11;3553,67;
1101904000;"Powiat łęczycki";1766,80;1919,81;1965,28;2052,22;2186,67;2347,22;2688,12;2828,64;2893,63;3071,35;3216,88;3425,90;3532,14;3582,28;
1101905000;"Powiat łowicki";1797,06;1849,03;1939,86;1998,33;2068,80;2216,80;2386,89;2582,14;2718,68;2845,87;2947,82;3121,34;3201,38;3247,31;
1101913000;"Powiat rawski";1622,62;1703,80;1795,62;1836,87;1999,61;2197,43;2451,01;2664,06;2797,21;2908,69;3000,63;3058,13;3168,26;3304,09;
1101915000;"Powiat skierniewicki";1845,09;1944,84;2020,66;2007,40;2141,30;2249,45;2487,44;2513,53;2651,10;2725,69;2850,60;2964,68;3167,86;3301,35;
1101963000;"Powiat m.Skierniewice";1937,81;1986,44;1965,72;2039,59;2111,22;2328,45;2419,72;2584,82;2799,96;2916,61;2895,44;3082,48;3151,06;3218,53;
1140000000;"MAZOWIECKIE";2893,83;3005,37;3095,96;3227,04;3381,13;3670,84;4036,26;4179,63;4279,55;4504,66;4637,58;4773,41;4927,34;5094,46;
1142500000;"PODREGION 25 - CIECHANOWSKI";1853,38;1873,06;1945,98;2063,25;2094,77;2262,45;2559,83;2742,92;2817,41;3000,93;3083,53;3184,93;3287,94;3416,70;
1142502000;"Powiat ciechanowski";2003,01;2011,22;2064,98;2206,68;2325,24;2519,76;2832,91;2994,66;3130,28;3266,07;3385,81;3460,07;3564,73;3702,17;
1142513000;"Powiat mławski";1641,24;1688,44;1770,40;1929,75;1871,19;2033,79;2313,26;2450,21;2410,05;2663,08;2670,07;2824,25;2929,91;3158,83;
1142520000;"Powiat płoński";1952,97;1947,06;2048,35;2130,09;2207,56;2355,98;2684,48;2897,99;2998,43;3148,95;3261,65;3370,85;3499,91;3555,74;
1142524000;"Powiat pułtuski";1758,13;1821,24;1869,35;1995,95;2053,62;2201,92;2438,23;2679,49;2761,46;2956,09;3094,05;3113,27;3163,84;3165,95;
1142537000;"Powiat żuromiński";1632,54;1686,69;1765,07;1805,90;1882,02;2027,67;2263,09;2517,04;2660,82;2792,74;2923,14;3000,90;3073,81;3181,04;
1142600000;"PODREGION 26 - OSTROŁĘCKI";1951,67;2005,94;2102,36;2157,11;2276,55;2471,39;2694,14;2880,44;3007,67;3223,61;3321,92;3400,61;3543,29;3586,70;
1142611000;"Powiat makowski";1795,02;1828,99;1866,24;1855,61;1988,16;2136,62;2312,54;2563,58;2718,94;3208,26;3010,45;3064,46;3169,38;3217,27;
1142615000;"Powiat ostrołęcki";1916,60;2009,43;2091,84;2127,33;2316,68;2593,71;2798,44;2823,73;2934,19;3114,20;3213,82;3248,62;3414,19;3556,24;
1142616000;"Powiat ostrowski";1771,03;1870,92;1995,49;2009,11;2129,62;2280,67;2504,57;2721,24;2830,95;3088,60;3174,79;3340,13;3395,05;3398,20;
1142622000;"Powiat przasnyski";1847,04;1902,77;1990,59;2051,37;2164,33;2311,81;2632,16;2756,12;2914,19;3077,41;3203,61;3246,87;3357,77;3485,56;
1142635000;"Powiat wyszkowski";1753,81;1803,30;1877,08;2009,14;2097,27;2251,45;2452,25;2640,99;2782,91;2875,51;3119,46;3138,01;3481,56;3370,96;
1142661000;"Powiat m.Ostrołęka";2237,11;2270,10;2400,95;2485,73;2607,81;2868,54;3074,15;3288,00;3390,85;3638,36;3776,11;3912,91;4005,26;4108,75;
1142700000;"PODREGION 27 - RADOMSKI";2017,96;2078,24;2138,75;2194,24;2269,29;2469,94;2732,60;2911,12;3054,40;3207,74;3352,95;3466,95;3580,06;3667,17;
1142701000;"Powiat białobrzeski";1808,58;1903,05;1990,54;2065,80;2154,92;2428,98;2565,06;2818,81;3001,33;3179,16;3355,88;3384,33;3612,78;3501,61;
1142707000;"Powiat kozienicki";2609,25;2602,19;2728,18;2722,64;2767,72;2984,35;3365,76;3580,52;3818,70;4067,12;4239,66;4445,71;4635,34;4698,55;
1142709000;"Powiat lipski";1701,07;1720,03;1765,33;1925,82;2027,40;2272,26;2456,24;2611,10;2742,24;3059,71;3098,37;3228,39;3372,09;3476,69;
1142723000;"Powiat przysuski";1756,41;1862,02;1927,29;1962,75;2014,46;2197,10;2450,46;2590,71;2815,47;2971,37;3062,87;3142,24;3330,24;3330,53;
1142725000;"Powiat radomski";1635,89;1717,44;1716,71;1764,95;1836,62;2008,80;2344,76;2422,38;2573,70;2719,60;2857,68;2961,92;3062,57;3130,03;
1142730000;"Powiat szydłowiecki";1763,78;1793,63;1804,77;1861,94;1950,84;2078,34;2263,65;2498,38;2628,52;2782,28;2949,78;2950,92;3081,57;3103,03;
1142736000;"Powiat zwoleński";1806,89;1849,52;1883,64;2007,27;2161,10;2233,61;2403,53;2758,72;2710,90;2915,84;3114,68;3204,57;3350,45;3365,55;
1142763000;"Powiat m.Radom";2069,00;2145,07;2210,07;2269,30;2348,10;2556,68;2818,40;2998,88;3136,45;3258,68;3411,51;3523,34;3598,94;3743,89;
1142800000;"PODREGION 28 - M. ST. WARSZAWA";3238,19;3368,71;3465,19;3613,44;3789,94;4099,73;4504,85;4603,26;4694,47;4936,36;5077,53;5226,05;5385,80;5585,89;
1142865000;"Powiat m. st. Warszawa";3238,19;3368,71;3465,19;3613,44;3789,94;4099,73;4504,85;4603,26;4694,47;4936,36;5077,53;5226,05;5385,80;5585,89;
1142900000;"PODREGION 29 - WARSZAWSKI WSCHODNI";2036,25;2117,80;2176,30;2272,51;2370,11;2612,71;2892,19;3063,28;3209,11;3391,03;3481,64;3593,09;3725,41;3830,20;
1142903000;"Powiat garwoliński";1853,93;1911,12;2067,32;2110,43;2187,36;2321,22;2642,98;2838,35;3052,01;3163,48;3277,05;3406,49;3606,76;3671,07;
1142908000;"Powiat legionowski";2227,50;2337,88;2365,40;2499,14;2569,84;2792,74;3084,62;3240,22;3269,07;3535,55;3600,74;3689,53;3748,86;3889,27;
1142912000;"Powiat miński";1945,63;1999,59;2050,35;2116,68;2191,73;2397,04;2681,91;2780,46;2895,49;3100,22;3136,52;3238,87;3400,41;3533,17;
1142914000;"Powiat nowodworski";2240,62;2443,13;2562,04;2749,80;2906,79;3257,38;3294,60;3608,15;3812,50;4043,25;4145,35;4283,89;4560,17;4714,08;
1142917000;"Powiat otwocki";2012,74;2089,94;2099,50;2207,13;2341,80;2607,05;2944,27;3124,30;3279,18;3412,78;3490,03;3629,76;3718,35;3853,17;
1142934000;"Powiat wołomiński";2056,69;2129,78;2174,33;2257,16;2325,52;2565,88;2862,74;2990,20;3135,47;3319,41;3447,14;3504,20;3583,98;3634,53;
1143000000;"PODREGION 30 - WARSZAWSKI ZACHODNI";2475,72;2612,11;2639,40;2737,94;2852,74;3090,96;3365,29;3496,79;3657,19;3847,37;3954,02;4087,43;4258,90;4346,14;
1143005000;"Powiat grodziski";2533,65;2556,14;2684,00;2673,09;2851,16;3089,50;3420,75;3371,74;3495,98;3685,77;3854,84;3997,34;4135,31;4211,62;
1143006000;"Powiat grójecki";2280,93;2349,23;2346,91;2349,83;2477,90;2691,25;3044,41;3149,80;3152,85;3490,82;3589,76;3646,41;3845,30;3913,66;
1143018000;"Powiat piaseczyński";2503,34;2676,03;2583,65;2749,00;2811,32;3032,71;3263,55;3457,81;3531,79;3673,60;3810,36;3892,64;4118,49;4030,78;
1143021000;"Powiat pruszkowski";2661,56;2822,79;2921,34;3062,96;3288,65;3490,12;3774,56;3883,50;4272,59;4479,38;4402,16;4726,11;4773,19;5064,05;
1143028000;"Powiat sochaczewski";2404,97;2551,20;2517,50;2616,10;2554,17;2844,87;2948,57;3252,24;3268,24;3418,04;3740,62;3770,19;3943,02;4016,39;
1143032000;"Powiat warszawski zachodni";2474,61;2578,68;2680,76;2735,74;2867,88;3179,85;3518,31;3549,25;3678,15;3850,65;4050,54;4118,21;4335,48;4525,62;
1143038000;"Powiat żyrardowski";2097,62;2238,62;2322,69;2427,82;2545,42;2726,18;2967,38;3180,77;3300,90;3487,50;3541,83;3624,61;3924,18;4003,47;
1147000000;"PODREGION 70 - PŁOCKI";2461,48;2526,25;2592,58;2686,65;2816,19;3126,02;3408,41;3544,66;3678,49;3895,91;4072,92;4227,84;4327,54;4467,57;
1147004000;"Powiat gostyniński";1675,57;1759,23;1778,95;1848,71;1936,88;2178,12;2606,63;2630,32;2710,26;2861,89;2925,45;3073,49;3164,95;3270,47;
1147019000;"Powiat płocki";1780,09;1893,98;1960,34;2046,38;2185,48;2368,58;2583,43;2725,27;2847,74;3035,58;3223,08;3212,67;3351,79;3449,24;
1147027000;"Powiat sierpecki";1992,31;1929,50;1928,86;2022,79;2002,15;2208,77;2388,30;2703,99;2812,38;2863,24;3043,46;3161,67;3184,66;3253,31;
1147062000;"Powiat m.Płock";2742,56;2817,68;2906,91;3014,76;3181,39;3541,16;3816,45;3980,94;4133,50;4428,47;4618,20;4799,33;4926,26;5078,16;
1147100000;"PODREGION 71 - SIEDLECKI";1969,74;2040,40;2099,50;2137,25;2241,15;2419,34;2643,75;2780,54;2918,85;3057,02;3173,04;3233,49;3363,73;3535,31;
1147110000;"Powiat łosicki";1792,75;1836,42;1964,15;2008,38;2094,12;2223,68;2486,81;2646,05;2797,16;2942,59;3025,24;3058,17;3280,27;3373,06;
1147126000;"Powiat siedlecki";1779,92;1825,13;1881,97;1909,65;1945,73;2140,61;2359,38;2481,86;2620,39;2818,47;3014,41;3059,64;3202,45;3253,13;
1147129000;"Powiat sokołowski";1851,31;1888,11;1969,96;2030,77;2173,36;2389,28;2551,94;2620,86;2807,84;2865,03;2974,75;3034,42;3150,12;3568,59;
1147133000;"Powiat węgrowski";1784,71;1861,61;1930,25;1978,28;2045,22;2181,80;2449,36;2634,86;2694,10;2874,11;2970,76;3075,59;3256,72;3273,22;
1147164000;"Powiat m.Siedlce";2111,64;2208,38;2271,58;2310,82;2442,82;2618,05;2864,61;3056,15;3190,80;3364,77;3470,66;3533,39;3647,76;3752,28;
2000000000;"Region południowy";2214,07;2282,28;2387,59;2481,25;2622,65;2833,42;3112,16;3272,49;3389,56;3614,44;3699,51;3846,41;3943,12;4096,57;
2120000000;"MAŁOPOLSKIE";2060,99;2109,69;2216,21;2303,42;2443,91;2666,24;2903,63;3057,71;3169,90;3332,98;3456,16;3574,22;3700,06;3906,96;
2122000000;"PODREGION 20 - KRAKOWSKI";2005,98;2043,51;2091,61;2158,55;2244,29;2472,93;2700,24;2853,76;3007,55;3169,45;3297,54;3436,01;3552,25;3775,55;
2122001000;"Powiat bocheński";1880,68;1933,21;1987,96;2016,51;2173,19;2421,74;2630,43;2832,06;2935,34;3128,68;3208,34;3230,64;3359,59;3464,39;
2122006000;"Powiat krakowski";2031,24;2100,14;2168,07;2276,79;2397,00;2653,06;2867,13;3013,31;3195,30;3377,70;3571,36;3759,07;3856,94;4204,13;
2122008000;"Powiat miechowski";1748,93;1809,90;1878,94;1968,69;2069,18;2247,95;2449,56;2629,31;2781,90;2833,95;2924,58;2983,24;3094,46;3189,73;
2122009000;"Powiat myślenicki";2139,59;2098,57;2147,87;2147,03;2061,55;2276,79;2501,46;2605,31;2752,84;2783,41;2799,36;2917,16;3003,06;3094,21;
2122014000;"Powiat proszowicki";1743,05;1818,66;1839,86;2010,69;2057,19;2261,29;2532,91;2716,13;2780,44;2895,82;2916,22;3021,40;3180,67;3313,87;
2122019000;"Powiat wielicki";2070,61;2117,20;2106,81;2158,94;2277,27;2411,92;2667,89;2824,28;2987,94;3205,82;3334,14;3479,18;3661,08;3812,11;
2122100000;"PODREGION 21 - M. KRAKÓW";2300,64;2324,15;2463,26;2579,09;2753,21;2995,18;3259,63;3423,56;3543,43;3722,48;3877,57;3997,80;4152,52;4431,17;
2122161000;"Powiat m.Kraków";2300,64;2324,15;2463,26;2579,09;2753,21;2995,18;3259,63;3423,56;3543,43;3722,48;3877,57;3997,80;4152,52;4431,17;
2122200000;"PODREGION 22 - NOWOSĄDECKI";1813,69;1895,88;1934,66;2014,91;2086,05;2283,30;2479,05;2601,94;2686,32;2808,25;2887,89;2982,13;3077,10;3188,12;
2122205000;"Powiat gorlicki";1770,23;1850,82;1929,02;1987,92;2124,38;2301,68;2492,53;2571,71;2632,27;2726,96;2847,79;2920,54;2952,40;3060,43;
2122207000;"Powiat limanowski";1684,85;1768,68;1806,21;1896,84;1980,07;2196,12;2374,83;2539,87;2604,64;2764,04;2865,98;2994,25;3115,85;3167,23;
2122210000;"Powiat nowosądecki";1733,30;1819,72;1873,52;1973,12;2056,56;2208,91;2377,06;2511,79;2610,04;2753,73;2810,22;2871,55;2989,86;3142,18;
2122262000;"Powiat m.Nowy Sącz";1937,46;2018,85;2036,90;2112,57;2141,73;2373,22;2603,28;2726,15;2825,56;2925,11;2985,71;3098,19;3193,43;3302,29;
2122300000;"PODREGION 23 - OŚWIĘCIMSKI";1923,59;2005,17;2135,88;2182,59;2292,52;2503,35;2709,07;2847,04;2912,37;3050,99;3132,64;3269,93;3384,20;3488,71;
2122303000;"Powiat chrzanowski";2069,07;2144,55;2384,20;2396,30;2405,30;2617,17;2851,66;3094,20;2972,52;3122,27;3181,66;3323,83;3455,97;3554,03;
2122312000;"Powiat olkuski";2043,78;2155,70;2293,32;2402,38;2595,01;2807,99;2973,36;3071,36;3235,07;3347,82;3458,08;3546,79;3664,13;3731,21;
2122313000;"Powiat oświęcimski";1949,40;2012,33;2094,14;2147,74;2319,58;2521,57;2754,20;2850,30;2964,89;3130,75;3229,65;3386,14;3541,48;3677,68;
2122318000;"Powiat wadowicki";1702,23;1782,37;1847,26;1876,01;1958,66;2169,52;2367,24;2494,01;2573,21;2702,67;2772,44;2926,30;3004,74;3115,83;
2122400000;"PODREGION 24 - TARNOWSKI";1757,93;1852,60;1916,03;1960,45;2085,42;2299,90;2529,45;2697,36;2833,49;2992,46;3093,61;3177,39;3264,92;3392,08;
2122402000;"Powiat brzeski";1730,90;1731,69;1751,31;1772,00;1911,49;2128,84;2347,56;2461,69;2630,04;2707,98;2821,76;2928,51;3048,33;3171,11;
2122404000;"Powiat dąbrowski";1674,56;1753,77;1855,99;1924,69;2026,81;2245,98;2464,33;2573,42;2704,29;2829,59;2970,50;3054,85;3178,77;3245,29;
2122416000;"Powiat tarnowski";1573,07;1685,32;1747,35;1801,40;1923,71;2113,48;2293,93;2471,42;2592,92;2708,52;2760,17;2827,56;2948,00;3049,76;
2122463000;"Powiat m.Tarnów";1842,41;1949,74;2024,06;2071,29;2201,24;2429,25;2690,79;2872,21;3015,78;3226,32;3349,31;3448,15;3513,75;3668,76;
2126900000;"PODREGION 69 - NOWOTARSKI";1742,35;1818,39;1869,07;1938,31;2024,28;2201,44;2436,89;2585,37;2657,01;2814,33;2931,46;3017,16;3150,27;3257,39;
2126911000;"Powiat nowotarski";1721,11;1757,52;1799,17;1884,28;1934,99;2083,00;2335,60;2494,10;2562,74;2683,81;2784,19;2882,17;3039,93;3121,96;
2126915000;"Powiat suski";1762,06;1875,44;1911,30;1978,23;2087,57;2303,09;2539,85;2638,68;2721,06;2898,65;3034,96;3076,24;3174,31;3323,95;
2126917000;"Powiat tatrzański";1765,52;1882,78;1976,93;2012,72;2149,16;2345,74;2543,73;2740,25;2801,91;3025,93;3165,78;3276,19;3401,20;3520,09;
2240000000;"ŚLĄSKIE";2298,44;2380,23;2488,62;2587,07;2729,63;2933,32;3239,09;3405,18;3528,19;3794,62;3855,26;4022,80;4100,51;4221,45;
2244400000;"PODREGION 44 - BIELSKI";2052,41;2127,94;2197,12;2256,93;2389,15;2643,40;2893,30;3054,29;3195,96;3332,71;3447,62;3587,49;3734,24;3858,04;
2244402000;"Powiat bielski";1882,08;1920,52;1986,51;2020,92;2121,26;2361,77;2559,42;2676,82;2887,19;3054,10;3264,41;3342,60;3453,12;3613,20;
2244403000;"Powiat cieszyński";1863,71;1945,41;1948,73;2027,97;2140,17;2386,58;2580,80;2709,33;2841,19;2987,68;3096,49;3177,66;3293,73;3455,64;
2244417000;"Powiat żywiecki";2264,56;2299,71;2417,97;2447,59;2564,98;2797,39;2955,88;3205,94;3393,47;3557,09;3712,48;3845,17;4067,79;4059,16;
2244461000;"Powiat m.Bielsko-Biała";2123,64;2219,92;2292,50;2360,26;2512,00;2781,24;3109,88;3263,60;3379,20;3498,80;3576,40;3781,12;3930,33;4071,65;
2244500000;"PODREGION 45 - BYTOMSKI";2105,32;1952,43;2003,31;2095,57;2216,62;2425,96;2686,17;2804,53;2937,36;3106,61;3199,75;3299,45;3418,34;3759,71;
2244507000;"Powiat lubliniecki";1804,28;1873,40;1905,92;2010,40;2097,97;2320,22;2616,07;2686,35;2845,11;2973,77;3119,98;3175,83;3304,27;3411,51;
2244513000;"Powiat tarnogórski";1816,78;1911,00;2014,11;2101,68;2223,69;2431,76;2600,33;2766,01;2860,67;3056,53;3124,35;3194,01;3307,26;3569,46;
2244562000;"Powiat m.Bytom";2278,72;2056,68;2050,36;2149,55;2288,45;2480,20;2830,20;2918,55;3079,10;3266,64;3319,18;3464,46;3542,70;4050,32;
2244571000;"Powiat m.Piekary Śląskie";2488,83;1842,64;1958,47;2022,67;2148,01;2395,67;2633,21;2728,81;2845,62;2969,61;3192,45;3329,31;3594,01;3958,91;
2244600000;"PODREGION 46 - CZĘSTOCHOWSKI";1839,46;1895,91;1969,15;2047,26;2171,05;2341,57;2571,82;2732,06;2847,71;3021,20;3125,06;3244,90;3332,27;3450,42;
2244604000;"Powiat częstochowski";1645,75;1685,77;1758,43;1816,10;1908,38;2085,68;2396,11;2551,29;2658,51;2796,73;2865,95;2939,83;3097,47;3209,23;
2244606000;"Powiat kłobucki";1559,79;1579,20;1607,98;1656,06;1731,93;1882,12;2083,52;2257,05;2411,78;2559,06;2661,08;2793,04;2871,64;2978,56;
2244609000;"Powiat myszkowski";1587,13;1638,48;1719,02;1770,30;1906,33;2110,45;2339,09;2526,71;2642,76;2839,79;2958,11;3076,94;3171,04;3331,77;
2244664000;"Powiat m.Częstochowa";1965,93;2038,40;2121,73;2214,67;2355,01;2517,31;2745,37;2901,31;3011,70;3197,12;3308,53;3445,39;3526,81;3644,53;
2244700000;"PODREGION 47 - GLIWICKI";2393,29;2318,65;2428,79;2567,76;2703,19;2949,84;3278,76;3417,48;3544,56;3748,67;3865,57;3973,17;4124,38;4327,24;
2244705000;"Powiat gliwicki";1854,22;1911,25;1985,96;2090,86;2215,02;2369,81;2662,55;2736,10;2779,09;2876,99;3063,80;3151,80;3249,88;3420,49;
2244766000;"Powiat m.Gliwice";2611,36;2436,82;2579,36;2739,11;2879,53;3146,53;3495,73;3654,92;3787,48;4020,23;4137,93;4329,27;4482,68;4726,43;
2244778000;"Powiat m.Zabrze";2080,43;2266,48;2343,34;2449,82;2568,83;2804,13;3095,19;3232,35;3371,44;3572,02;3672,55;3673,41;3835,40;3955,12;
2244800000;"PODREGION 48 - KATOWICKI";2524,78;2819,52;3002,48;3112,87;3255,95;3443,94;3823,86;4090,32;4168,16;4551,91;4543,87;4797,17;4753,73;4812,37;
2244863000;"Powiat m.Chorzów";1897,22;2004,63;2062,53;2124,55;2232,30;2493,66;2837,42;2902,80;3042,37;3237,48;3384,99;3540,84;3638,84;3754,13;
2244869000;"Powiat m.Katowice";2707,36;3033,42;3272,16;3395,63;3523,92;3727,38;4150,44;4494,03;4563,66;5013,92;4966,80;5270,37;5199,41;5262,02;
2244870000;"Powiat m.Mysłowice";1797,41;1861,33;1951,77;2091,24;2229,48;2423,41;2684,48;2795,14;2960,71;3305,37;3461,96;3618,74;3704,34;3787,80;
2244872000;"Powiat m.Ruda Śląska";2755,98;2374,86;2060,76;2140,52;2326,18;2510,79;2777,33;2889,28;2961,20;3179,15;3309,17;3395,43;3438,13;3577,97;
2244874000;"Powiat m.Siemianowice Śląskie";1946,03;2030,95;2041,54;2143,24;2393,50;2584,80;2875,42;2960,73;3070,59;3234,32;3338,13;3471,73;3625,95;3700,78;
2244876000;"Powiat m.Świętochłowice";1922,12;1925,65;2036,42;2107,74;2213,47;2381,12;2509,03;2628,03;2672,57;2755,39;2926,12;3022,76;3145,07;3260,66;
2244900000;"PODREGION 49 - RYBNICKI";2504,79;2446,93;2504,35;2678,63;2813,94;3046,56;3412,84;3502,92;3725,79;4201,50;4177,22;4379,72;4510,10;4491,17;
2244911000;"Powiat raciborski";1819,99;1975,88;2105,27;2155,92;2264,95;2498,57;2829,47;2917,17;3016,16;3192,56;3344,49;3422,60;3579,20;3735,23;
2244912000;"Powiat rybnicki";1976,41;2017,91;2110,54;2149,86;2198,94;2359,47;2533,82;2779,46;2864,91;3109,11;3217,20;3345,95;3508,61;3624,92;
2244915000;"Powiat wodzisławski";1688,32;1741,56;1811,68;1899,20;1974,66;2127,50;2346,50;2495,21;2603,44;2724,60;2904,69;3000,56;3139,42;3211,61;
2244967000;"Powiat m.Jastrzębie-Zdrój";3063,62;3197,70;3408,53;3769,78;3965,34;4318,46;4822,06;4851,26;5213,89;6324,79;5974,57;6384,43;6536,76;6182,71;
2244973000;"Powiat m.Rybnik";2814,53;2479,42;2244,12;2338,10;2447,61;2648,18;2967,36;3111,71;3226,18;3353,40;3459,52;3507,69;3607,45;3762,40;
2244979000;"Powiat m.Żory";1719,84;1790,04;1900,97;1912,65;1964,02;2132,51;2410,64;2573,77;2946,80;3079,04;3224,73;3391,95;3534,18;3613,55;
2245000000;"PODREGION 50 - SOSNOWIECKI";2115,63;2180,51;2269,42;2360,09;2542,30;2744,60;3054,06;3269,87;3399,02;3604,29;3691,92;3844,08;3969,09;4210,86;
2245001000;"Powiat będziński";1970,80;2076,70;2111,27;2102,80;2239,04;2370,56;2579,39;2733,77;2883,64;3019,92;3063,96;3228,89;3281,19;3451,24;
2245016000;"Powiat zawierciański";1859,17;1929,28;2064,96;2109,64;2282,45;2494,65;2732,55;2888,32;2999,84;3210,05;3247,65;3301,47;3507,52;3681,04;
2245065000;"Powiat m.Dąbrowa Górnicza";2348,19;2384,65;2519,76;2641,41;2826,02;3088,83;3386,12;3649,12;3792,57;4060,01;4255,34;4324,15;4445,38;4613,23;
2245068000;"Powiat m.Jaworzno";2372,25;2450,31;2539,98;2753,98;3035,84;3230,36;3608,26;3920,16;4046,73;4369,87;4226,59;4704,74;4714,66;5333,82;
2245075000;"Powiat m.Sosnowiec";2007,92;2086,10;2133,39;2196,13;2333,91;2524,96;2880,92;2988,73;3112,78;3236,16;3372,99;3480,50;3624,37;3706,45;
2245100000;"PODREGION 51 - TYSKI";2511,80;2163,01;2199,05;2248,45;2389,91;2627,59;2860,29;2933,25;3083,62;3237,93;3355,99;3476,82;3593,28;3764,99;
2245108000;"Powiat mikołowski";2158,84;2258,65;2344,44;2373,42;2447,17;2656,88;2656,42;2724,55;2896,18;3111,51;3198,68;3333,56;3431,97;3657,03;
2245110000;"Powiat pszczyński";1848,17;1887,53;1963,69;2028,84;2183,36;2389,21;2657,86;2719,86;2817,82;2892,32;3056,79;3148,91;3254,73;3372,27;
2245114000;"Powiat bieruńsko-lędziński";1909,20;1969,95;2063,82;2120,79;2196,05;2427,10;2687,30;2865,18;3067,58;3266,00;3375,35;3463,60;3621,81;3657,77;
2245177000;"Powiat m.Tychy";2893,06;2288,19;2264,05;2313,10;2500,39;2766,57;3073,55;3127,98;3292,32;3443,06;3558,72;3691,88;3819,32;4011,32;
3000000000;"Region wschodni";1928,67;1992,31;2075,78;2147,58;2250,86;2450,63;2714,60;2835,04;2987,67;3142,58;3268,47;3384,37;3496,53;3611,16;
3060000000;"LUBELSKIE";1941,01;1995,50;2096,15;2180,18;2290,60;2486,22;2771,99;2891,30;3099,60;3257,14;3382,66;3488,61;3605,03;3699,48;
3060900000;"PODREGION   9 - BIALSKI";1749,85;1794,77;1909,74;1984,56;2074,52;2224,17;2481,51;2649,16;2841,15;2999,58;3099,43;3198,96;3282,31;3363,24;
3060901000;"Powiat bialski";1613,51;1666,91;1760,50;1822,43;1900,54;2042,47;2276,07;2439,05;2611,73;2732,50;2862,82;2949,52;3045,06;3127,01;
3060913000;"Powiat parczewski";1670,96;1740,20;1848,49;1946,46;1995,22;2195,87;2413,25;2520,65;2678,25;2883,33;2994,80;3037,61;3169,06;3217,95;
3060915000;"Powiat radzyński";1811,30;1888,95;1983,41;2029,21;2118,22;2231,93;2461,63;2596,92;2723,52;2853,46;2966,60;3169,19;3206,39;3243,52;
3060919000;"Powiat włodawski";1772,17;1838,50;1869,90;1887,37;1960,40;2142,24;2428,65;2572,52;2744,77;2898,66;3032,38;3073,43;3174,79;3267,12;
3060961000;"Powiat m.Biała Podlaska";1818,70;1834,22;1994,06;2111,78;2230,17;2371,55;2649,61;2853,38;3112,71;3305,79;3370,69;3461,96;3539,80;3643,59;
3061000000;"PODREGION 10 - CHEŁMSKO-ZAMOJSKI";1811,09;1850,61;1925,43;1971,87;2096,50;2294,10;2537,75;2671,98;2759,07;2923,32;3043,53;3130,90;3233,74;3347,11;
3061002000;"Powiat biłgorajski";1772,75;1823,67;1916,89;1959,22;2108,96;2274,16;2480,05;2602,42;2663,43;2829,98;3009,52;3088,20;3200,89;3343,68;
3061003000;"Powiat chełmski";1771,12;1862,96;1910,40;2017,81;2004,43;2182,50;2373,49;2519,99;2632,14;2850,62;2940,49;3021,08;3150,13;3251,54;
3061004000;"Powiat hrubieszowski";1780,06;1795,42;1889,41;1930,63;2038,50;2195,60;2397,30;2595,21;2748,08;2967,86;3109,48;3116,46;3194,54;3275,78;
3061006000;"Powiat krasnostawski";1746,44;1786,44;1875,20;1943,03;2069,11;2298,87;2541,52;2607,10;2805,57;2983,35;3060,62;3128,85;3236,28;3315,19;
3061018000;"Powiat tomaszowski";1681,71;1721,63;1790,56;1854,38;1942,25;2099,05;2318,00;2433,30;2610,51;2739,50;2860,83;2931,59;3034,51;3144,81;
3061020000;"Powiat zamojski";1554,29;1590,52;1669,18;1754,81;1833,76;1969,60;2219,60;2350,53;2548,07;2726,29;2778,35;2870,16;3005,11;3021,19;
3061062000;"Powiat m.Chełm";1897,69;1951,04;1971,97;1987,04;2077,69;2263,06;2521,72;2683,17;2829,46;2942,39;3099,95;3184,22;3259,18;3371,93;
3061064000;"Powiat m.Zamość";1970,57;1994,35;2107,99;2146,17;2359,35;2643,00;2934,69;3073,42;2991,81;3163,05;3267,28;3410,42;3511,40;3684,12;
3061100000;"PODREGION 11 - LUBELSKI";2112,51;2176,34;2286,36;2384,49;2495,68;2707,92;3025,84;3136,45;3410,28;3551,29;3683,93;3799,31;3945,88;4020,39;
3061108000;"Powiat lubartowski";1682,56;1756,07;1826,28;1907,49;2008,64;2169,07;2463,30;2566,02;2746,86;2858,35;2888,47;2993,79;3089,12;3144,70;
3061109000;"Powiat lubelski";1715,90;1760,62;1880,39;1947,03;2027,08;2239,56;2441,73;2538,59;2657,52;2798,89;2946,90;3029,43;3141,58;3239,53;
3061110000;"Powiat łęczyński";3043,88;3108,53;3240,27;3454,18;3448,71;3655,76;4133,75;4417,20;4428,15;4758,24;4942,31;5138,84;5375,67;5112,84;
3061117000;"Powiat świdnicki";1781,19;1866,58;1957,88;2022,02;2137,72;2344,74;2691,15;2791,36;2885,70;3124,46;3491,18;3620,47;3847,83;4050,02;
3061163000;"Powiat m.Lublin";2145,22;2207,83;2323,15;2419,23;2545,84;2762,84;3076,91;3178,15;3489,07;3606,97;3710,80;3820,91;3955,65;4060,17;
3061200000;"PODREGION 12 - PUŁAWSKI";1830,40;1882,83;1980,22;2064,54;2163,44;2327,74;2592,02;2690,89;2827,47;3013,12;3127,01;3236,43;3332,48;3454,98;
3061205000;"Powiat janowski";1673,03;1741,61;1832,11;1911,90;1965,57;2091,05;2286,58;2357,98;2615,62;2826,82;2972,10;3100,51;3321,20;3436,38;
3061207000;"Powiat kraśnicki";1719,08;1805,99;1912,75;1930,26;2014,44;2159,55;2365,43;2388,93;2569,07;2721,15;2871,55;2953,64;3125,11;3197,23;
3061211000;"Powiat łukowski";1611,35;1671,82;1738,95;1809,66;1949,60;2126,95;2371,79;2451,27;2585,92;2707,26;2764,56;2883,30;2955,72;3065,51;
3061212000;"Powiat opolski";1775,14;1839,54;1918,51;1939,72;2018,90;2193,68;2444,77;2579,52;2721,60;2839,48;2991,25;3020,99;3129,37;3257,97;
3061214000;"Powiat puławski";2087,67;2110,97;2238,68;2399,71;2503,08;2689,62;3043,07;3178,30;3235,16;3542,20;3662,83;3785,23;3855,51;4022,67;
3061216000;"Powiat rycki";1715,91;1788,47;1867,18;1940,70;2022,99;2184,01;2409,35;2533,13;2746,58;2837,68;2912,71;3050,99;3101,76;3207,52;
3180000000;"PODKARPACKIE";1875,41;1950,01;2018,59;2081,76;2179,57;2372,82;2614,12;2740,89;2877,43;3023,21;3152,36;3282,69;3412,30;3527,62;
3183300000;"PODREGION 33 - KROŚNIEŃSKI";1798,03;1860,45;1909,85;1947,51;2032,45;2209,54;2401,06;2545,81;2650,41;2796,37;2897,31;3021,02;3120,10;3238,01;
3183301000;"Powiat bieszczadzki";1736,13;1772,54;1847,82;1935,38;2029,72;2305,75;2540,23;2622,01;2731,51;2945,50;3109,58;3237,17;3378,84;3448,24;
3183302000;"Powiat brzozowski";1651,43;1708,36;1807,55;1884,41;1971,16;2146,82;2398,77;2503,33;2639,74;2802,56;2910,02;2964,62;3077,51;3162,84;
3183305000;"Powiat jasielski";1796,53;1881,71;1953,19;2015,94;2102,07;2302,79;2526,69;2668,98;2785,99;2962,03;2999,90;3038,82;3138,20;3262,91;
3183307000;"Powiat krośnieński";1802,43;1794,75;1838,91;1853,29;1940,57;2119,06;2297,06;2363,87;2501,90;2677,64;2800,23;2887,05;2958,89;3021,31;
3183317000;"Powiat sanocki";1809,52;1914,67;1961,82;1982,89;2085,62;2232,15;2417,47;2550,71;2677,55;2819,31;2918,66;3078,45;3153,53;3251,52;
3183321000;"Powiat leski";1868,64;1993,50;2044,95;2125,58;2245,66;2463,03;2622,66;2779,21;2872,05;2992,87;3119,93;3283,39;3361,02;3504,61;
3183361000;"Powiat m.Krosno";1826,48;1869,83;1886,53;1904,52;1968,73;2136,54;2300,35;2494,56;2552,74;2656,48;2783,69;2980,59;3099,79;3266,12;
3183400000;"PODREGION 34 - PRZEMYSKI";1798,23;1868,53;1935,70;2000,39;2086,09;2273,59;2505,93;2630,28;2764,67;2949,43;3075,10;3185,68;3273,45;3384,37;
3183404000;"Powiat jarosławski";1774,22;1855,62;1895,20;2019,56;2156,50;2336,92;2532,07;2707,32;2819,04;2971,94;3141,89;3328,63;3438,32;3546,57;
3183409000;"Powiat lubaczowski";1709,40;1783,36;1897,86;1865,88;1969,42;2139,09;2301,49;2372,11;2539,38;2753,01;2889,91;2951,96;3058,68;3168,23;
3183413000;"Powiat przemyski";1659,36;1750,00;1815,79;1915,04;2003,47;2164,44;2450,61;2523,89;2670,63;2846,23;2977,42;3036,69;3135,55;3195,46;
3183414000;"Powiat przeworski";1812,22;1860,14;1956,22;1998,32;2008,13;2247,82;2491,63;2496,09;2636,31;2787,16;2859,57;2931,78;2977,07;3130,09;
3183462000;"Powiat m.Przemyśl";1882,89;1953,04;2008,61;2060,24;2132,73;2315,22;2587,68;2778,98;2913,67;3141,56;3234,16;3325,50;3407,88;3501,18;
3183500000;"PODREGION 35 - RZESZOWSKI";1957,09;2037,18;2110,67;2213,26;2304,34;2499,60;2802,51;2940,61;3103,60;3220,79;3361,22;3505,38;3675,54;3808,78;
3183506000;"Powiat kolbuszowski";1742,39;1772,30;1829,12;1900,33;1987,62;2161,39;2340,99;2453,69;2522,72;2623,83;2745,76;2929,58;3038,55;3112,52;
3183510000;"Powiat łańcucki";1688,74;1789,23;1792,52;1852,10;1908,26;2104,04;2270,63;2360,50;2514,28;2705,71;2818,62;2890,03;3008,61;3115,76;
3183515000;"Powiat ropczycko-sędziszowski";1811,48;1856,52;1915,39;2002,16;2069,70;2212,29;2422,51;2551,53;2757,27;2895,86;3036,58;3138,68;3236,75;3365,62;
3183516000;"Powiat rzeszowski";1688,71;1758,13;1818,78;1908,72;1956,73;2127,20;2340,74;2507,46;2678,29;2834,47;2937,37;3070,98;3200,41;3333,91;
3183519000;"Powiat strzyżowski";1641,26;1715,32;1777,59;1800,26;1883,32;2050,88;2254,75;2470,21;2578,65;2617,44;2707,08;2786,37;2891,28;2990,08;
3183563000;"Powiat m.Rzeszów";2102,03;2199,08;2292,86;2416,75;2522,57;2734,81;3107,71;3258,06;3428,12;3532,66;3702,54;3859,86;4087,48;4231,81;
3183600000;"PODREGION 36 - TARNOBRZESKI";1875,65;1956,07;2035,25;2073,60;2191,62;2391,58;2603,95;2701,89;2829,12;2985,28;3123,38;3249,28;3374,13;3462,01;
3183603000;"Powiat dębicki";1849,58;1941,53;2046,57;2104,23;2157,58;2318,93;2538,72;2620,42;2716,29;2867,63;3019,26;3165,79;3290,06;3401,58;
3183608000;"Powiat leżajski";1931,82;2045,77;2025,61;2060,05;2177,11;2360,16;2583,32;2739,81;2901,37;3034,18;3104,99;3146,29;3225,11;3302,16;
3183611000;"Powiat mielecki";1850,06;1944,29;2078,11;2089,18;2230,13;2414,94;2603,51;2742,50;2902,92;3066,66;3187,11;3329,68;3485,31;3532,30;
3183612000;"Powiat niżański";1613,55;1677,53;1764,88;1789,27;1926,57;2124,52;2311,63;2426,38;2532,52;2664,35;2798,39;2890,57;2978,46;3017,94;
3183618000;"Powiat stalowowolski";1947,06;2009,03;2051,05;2101,73;2264,72;2546,18;2811,39;2844,09;2961,71;3104,36;3260,12;3360,58;3513,55;3651,26;
3183620000;"Powiat tarnobrzeski";1929,52;2071,41;2195,94;2212,00;2346,81;2531,58;2647,13;2745,66;2900,30;3004,39;3176,95;3326,40;3496,49;3531,20;
3183664000;"Powiat m.Tarnobrzeg";1860,38;1883,44;1923,02;1987,12;2065,43;2225,23;2413,12;2562,71;2684,26;2930,04;3058,41;3200,51;3195,25;3284,02;
3200000000;"PODLASKIE";1958,00;2035,43;2107,50;2192,77;2307,59;2524,95;2781,21;2884,68;3019,83;3178,15;3310,71;3432,71;3530,17;3647,08;
3203700000;"PODREGION 37 - BIAŁOSTOCKI";2018,41;2121,77;2194,72;2279,47;2384,34;2616,93;2881,74;3024,01;3129,59;3255,08;3394,57;3506,84;3595,71;3723,50;
3203702000;"Powiat białostocki";1708,40;1793,97;1833,86;1923,23;2021,77;2263,87;2464,15;2570,03;2713,82;2860,23;3009,46;3098,95;3227,35;3338,72;
3203711000;"Powiat sokólski";1769,61;1820,51;1898,66;2015,59;2039,07;2270,82;2533,93;2698,52;2812,52;3013,21;3225,89;3204,46;3339,03;3408,27;
3203761000;"Powiat m.Białystok";2087,45;2201,82;2281,63;2365,00;2478,96;2715,96;2994,05;3144,60;3241,41;3360,36;3493,98;3627,02;3706,73;3844,68;
3203800000;"PODREGION 38 - ŁOMŻYŃSKI";1802,84;1857,00;1920,07;2005,90;2138,90;2354,05;2597,05;2682,75;2872,70;3062,15;3205,05;3357,85;3449,04;3557,43;
3203803000;"Powiat bielski";1785,87;1929,59;2005,19;2106,20;2276,78;2497,02;2769,76;2860,69;3202,72;3501,66;3777,64;3988,22;3938,92;3924,61;
3203805000;"Powiat hajnowski";1689,69;1729,53;1810,80;1875,20;2018,18;2386,72;2696,11;2644,90;2863,80;3130,49;3221,78;3317,56;3538,52;3715,52;
3203806000;"Powiat kolneński";1742,78;1800,83;1903,10;1989,20;2107,87;2272,53;2476,45;2611,20;2785,85;3025,50;3123,59;3208,86;3314,55;3393,65;
3203807000;"Powiat łomżyński";1881,91;1948,03;1989,40;2136,54;2247,81;2424,03;2728,53;2861,24;3112,25;3174,65;3354,22;3409,11;3525,59;3708,32;
3203810000;"Powiat siemiatycki";1778,46;1844,16;1912,02;1984,16;2029,63;2189,26;2402,98;2536,47;2670,09;2765,25;2948,59;3016,98;3157,37;3220,48;
3203813000;"Powiat wysokomazowiecki";1806,90;1893,71;1949,15;2015,32;2183,21;2389,50;2523,77;2690,76;2848,13;2988,31;3165,68;3373,05;3421,03;3552,72;
3203814000;"Powiat zambrowski";1742,30;1782,51;1840,20;1904,32;2033,01;2314,51;2455,89;2530,50;2759,38;2965,28;3019,12;3194,29;3380,00;3473,68;
3203862000;"Powiat m.Łomża";1895,81;1899,75;1944,97;2037,41;2164,31;2317,15;2608,55;2689,24;2782,23;2911,43;2972,85;3120,07;3207,62;3338,23;
3203900000;"PODREGION 39 - SUWALSKI";2001,26;2038,63;2126,43;2207,46;2320,03;2507,52;2762,83;2799,91;2948,36;3147,96;3249,44;3353,13;3482,16;3584,33;
3203901000;"Powiat augustowski";2349,22;2384,89;2531,24;2693,94;2828,33;2971,97;3213,15;2989,71;3175,28;3421,22;3444,77;3577,16;3667,63;3761,95;
3203904000;"Powiat grajewski";2079,11;2097,71;2206,24;2330,75;2594,84;2735,49;2930,68;2946,69;3175,63;3476,19;3639,09;3781,24;3958,15;3984,35;
3203908000;"Powiat moniecki";1784,58;1867,45;1956,54;2023,28;2119,69;2273,63;2533,05;2730,51;2842,09;3056,78;3167,47;3272,87;3358,70;3364,02;
3203909000;"Powiat sejneński";1778,57;1822,33;1889,23;2007,29;2071,63;2279,12;2507,14;2634,04;2919,77;3182,20;3329,20;3380,72;3425,25;3564,40;
3203912000;"Powiat suwalski";1771,43;1863,45;1974,64;1992,83;2075,11;2190,91;2395,74;2534,52;2613,35;2695,75;2943,05;2975,50;3114,10;3120,95;
3203963000;"Powiat m.Suwałki";1908,06;1929,57;1977,27;2016,47;2067,27;2297,74;2584,35;2710,68;2811,62;2950,60;3029,62;3125,48;3260,75;3435,66;
3260000000;"ŚWIĘTOKRZYSKIE";1977,75;2024,41;2117,74;2173,15;2263,60;2467,07;2745,39;2868,09;2971,58;3137,91;3250,94;3349,81;3435,93;3580,62;
3265200000;"PODREGION 52 - KIELECKI";1968,35;2024,14;2114,95;2164,91;2256,19;2455,24;2740,22;2877,34;2966,95;3134,45;3232,85;3356,48;3431,51;3583,05;
3265204000;"Powiat kielecki";1905,11;1969,39;1989,97;1990,13;2066,64;2270,27;2462,98;2551,32;2709,04;2836,55;2914,39;3045,00;3095,16;3246,51;
3265205000;"Powiat konecki";1719,75;1758,59;1830,53;1917,46;2008,59;2206,84;2463,26;2619,11;2743,51;2916,44;3031,59;3157,76;3260,47;3355,31;
3265207000;"Powiat ostrowiecki";1771,96;1769,95;1923,31;1936,08;2056,26;2240,51;2558,17;2712,75;2827,82;2974,89;3084,28;3154,96;3225,91;3342,45;
3265210000;"Powiat skarżyski";1851,74;1921,53;2038,35;2101,52;2279,47;2556,94;2821,43;3035,02;2783,02;3001,61;3119,33;3280,83;3395,64;3448,29;
3265211000;"Powiat starachowicki";1683,31;1713,37;1817,73;1938,01;1967,82;2130,58;2402,85;2539,20;2671,49;2826,27;2963,95;3083,87;3199,99;3387,74;
3265261000;"Powiat m.Kielce";2154,27;2233,43;2320,83;2372,75;2461,78;2655,81;2953,74;3082,94;3200,80;3381,09;3467,85;3597,04;3669,64;3845,52;
3265300000;"PODREGION 53 - SANDOMIERSKO-JĘDRZEJOWSKI";2001,49;2025,06;2124,37;2192,58;2281,05;2495,40;2757,98;2846,33;2982,23;3145,71;3291,86;3335,36;3445,26;3575,32;
3265301000;"Powiat buski";1760,13;1842,15;1926,82;1980,24;2050,75;2272,20;2496,87;2624,09;2700,95;2825,85;2902,83;3062,17;3158,01;3301,87;
3265302000;"Powiat jędrzejowski";1963,38;2053,04;2101,44;2186,12;2269,46;2516,14;2776,59;2917,98;3040,91;3361,44;3611,17;3629,28;3811,90;3900,83;
3265303000;"Powiat kazimierski";1678,81;1647,02;1839,13;1885,75;1938,63;2059,36;2278,58;2466,75;2638,63;2740,14;2876,72;3001,17;3055,63;3142,99;
3265306000;"Powiat opatowski";2150,44;2092,70;2285,61;2251,75;2320,14;2449,52;2717,53;2542,34;2749,31;2869,20;3014,36;3085,06;3154,31;3255,65;
3265308000;"Powiat pińczowski";2446,79;2452,95;2558,31;2434,98;2536,79;2650,13;2628,18;2818,62;2895,48;3002,74;3100,89;3130,97;3246,61;3349,30;
3265309000;"Powiat sandomierski";1942,91;2017,92;2133,35;2336,31;2442,06;2678,36;2977,50;3078,47;3221,56;3324,91;3397,35;3415,98;3526,06;3665,14;
3265312000;"Powiat staszowski";2132,22;2060,74;2151,14;2241,81;2317,23;2546,78;2952,63;3030,68;3138,70;3328,52;3490,75;3470,07;3589,54;3760,61;
3265313000;"Powiat włoszczowski";1923,14;2012,95;2064,04;2096,56;2207,84;2465,81;2641,17;2676,26;2913,74;3050,54;3259,56;3307,07;3382,92;3510,22;
4000000000;"Region północno-zachodni";2036,14;2110,05;2188,49;2256,61;2371,18;2586,21;2840,54;2961,58;3095,22;3255,48;3374,52;3488,17;3585,15;3720,33;
4080000000;"LUBUSKIE";1936,54;1990,13;2067,56;2144,35;2235,01;2429,97;2653,55;2802,77;2920,43;3073,95;3203,18;3282,07;3425,38;3567,60;
4081300000;"PODREGION 13 - GORZOWSKI";1955,10;1989,89;2076,56;2127,57;2220,85;2402,43;2647,31;2796,87;2928,72;3065,04;3172,58;3284,14;3415,80;3536,99;
4081301000;"Powiat gorzowski";2099,55;2097,63;2221,83;2217,31;2342,37;2650,26;2803,77;2919,63;3069,29;3276,48;3408,69;3524,85;3597,06;3818,44;
4081303000;"Powiat międzyrzecki";1790,12;1842,27;1924,68;2027,83;2072,84;2285,92;2521,23;2644,90;2820,99;2988,21;3116,31;3216,20;3345,15;3466,06;
4081305000;"Powiat słubicki";2030,82;2087,91;2118,64;2067,48;2143,40;2264,63;2536,29;2733,88;2880,01;3068,31;3133,88;3282,94;3454,74;3534,54;
4081306000;"Powiat strzelecko-drezdenecki";1813,98;1882,31;2004,15;2077,67;2211,20;2354,42;2593,67;2665,56;2892,36;3030,54;3132,48;3261,10;3410,80;3552,74;
4081307000;"Powiat sulęciński";1649,04;1650,09;1731,52;1765,74;1837,51;1954,43;2130,99;2317,43;2414,19;2620,65;2716,04;2740,65;2925,57;3019,27;
4081361000;"Powiat m.Gorzów Wielkopolski";2008,87;2047,51;2135,61;2212,65;2319,81;2492,60;2763,15;2921,21;3014,26;3091,83;3197,03;3313,03;3432,87;3532,91;
4081400000;"PODREGION 14 - ZIELONOGÓRSKI";1924,29;1990,30;2061,62;2155,59;2244,42;2448,11;2657,56;2806,61;2915,10;3079,78;3223,32;3280,67;3431,80;3588,73;
4081402000;"Powiat krośnieński";1871,90;1868,10;1933,32;2021,99;2171,50;2389,68;2608,40;2725,00;2799,25;3026,18;3160,41;3232,97;3351,05;3503,74;
4081404000;"Powiat nowosolski";1700,79;1754,94;1813,73;1888,38;1942,99;2127,09;2380,12;2669,30;2804,18;2976,30;3089,18;3253,97;3372,90;3507,98;
4081408000;"Powiat świebodziński";1619,22;1736,40;1825,62;1957,86;2016,88;2226,14;2458,84;2520,07;2640,20;2858,26;2931,56;3104,58;3308,49;3455,57;
4081409000;"Powiat zielonogórski";1858,91;1947,03;2052,52;2171,40;2238,08;2475,25;2696,63;2765,05;2895,29;3073,28;3373,25;3320,76;3408,24;3699,79;
4081410000;"Powiat żagański";1737,05;1751,22;1813,73;1872,44;1928,76;2132,21;2316,79;2426,68;2560,00;2719,65;2889,16;3001,13;3125,35;3249,08;
4081411000;"Powiat żarski";1912,92;1984,90;2072,01;2186,90;2315,16;2526,79;2760,46;2928,90;3084,63;3276,98;3445,53;3501,25;3596,66;3712,82;
4081412000;"Powiat wschowski";1641,26;1668,68;1719,98;1806,28;1905,13;2138,36;2420,74;2534,57;2625,94;2822,65;2983,88;3006,82;3130,04;3233,14;
4081462000;"Powiat m.Zielona Góra";2181,97;2286,63;2369,60;2468,95;2586,19;2767,01;2908,94;3060,42;3138,35;3247,30;3351,95;3363,53;3578,27;3731,67;
4300000000;"WIELKOPOLSKIE";2047,58;2129,03;2204,31;2263,60;2389,00;2610,82;2868,81;2976,28;3126,36;3284,41;3397,25;3515,31;3597,69;3728,52;
4305700000;"PODREGION 57 - KALISKI";1760,26;1809,85;1855,69;1880,20;1988,33;2180,54;2403,91;2490,05;2603,67;2746,13;2853,24;2946,01;3050,61;3150,45;
4305706000;"Powiat jarociński";1599,86;1636,09;1664,71;1738,48;1846,26;1985,67;2157,02;2283,04;2378,79;2547,56;2596,34;2729,43;2803,80;2898,12;
4305707000;"Powiat kaliski";1655,12;1716,31;1741,39;1801,39;1908,26;2048,71;2355,83;2494,19;2561,69;2665,26;2723,72;2826,99;3007,45;3035,70;
4305708000;"Powiat kępiński";1356,20;1436,35;1436,99;1470,09;1583,52;1762,77;1993,43;2020,27;2106,84;2224,07;2349,11;2456,46;2544,18;2568,52;
4305712000;"Powiat krotoszyński";1671,90;1730,17;1761,19;1825,31;1954,07;2171,84;2384,97;2368,56;2499,96;2635,10;2729,22;2807,81;2849,87;2931,62;
4305717000;"Powiat ostrowski";1736,06;1790,22;1878,01;1945,19;2086,69;2303,28;2510,43;2616,26;2779,34;2896,13;3002,27;3086,65;3212,43;3357,37;
4305718000;"Powiat ostrzeszowski";1783,28;1823,04;1831,54;1867,94;2003,16;2223,45;2431,97;2576,64;2700,86;2875,32;3010,05;3032,51;3193,68;3338,34;
4305720000;"Powiat pleszewski";1633,17;1631,76;1724,27;1759,81;1873,20;2044,54;2329,23;2377,36;2541,49;2722,15;2881,88;3079,05;3190,51;3308,08;
4305761000;"Powiat m.Kalisz";2035,05;2096,01;2164,20;2139,04;2223,29;2418,10;2662,95;2777,37;2856,06;3030,68;3150,01;3264,40;3395,84;3532,30;
4305800000;"PODREGION 58 - KONIŃSKI";2053,15;2112,66;2147,93;2196,31;2290,86;2448,56;2649,16;2785,25;2907,87;3075,49;3141,08;3238,91;3336,53;3419,09;
4305803000;"Powiat gnieźnieński";1801,21;1886,79;1894,87;1990,85;2088,88;2282,85;2498,10;2605,75;2718,78;2874,23;3006,57;3143,38;3253,35;3386,42;
4305809000;"Powiat kolski";2118,24;2235,05;2355,46;2430,13;2529,17;2608,69;2816,18;2995,08;3153,48;3387,32;3350,56;3582,55;3624,38;3696,10;
4305810000;"Powiat koniński";2512,13;2500,50;2565,75;2581,53;2606,51;2693,75;2808,81;2940,77;3060,01;3178,62;3219,51;3297,59;3328,35;3319,18;
4305823000;"Powiat słupecki";1706,16;1758,66;1826,08;1903,07;2018,52;2165,49;2397,67;2532,49;2651,45;2783,93;2886,83;2951,09;3093,66;3171,47;
4305827000;"Powiat turecki";1933,88;2034,12;2050,28;2067,64;2145,13;2290,49;2478,11;2668,35;2768,39;2958,85;2977,38;2959,12;3025,00;2999,24;
4305830000;"Powiat wrzesiński";1660,85;1723,17;1824,64;1861,79;1972,45;2207,24;2457,00;2543,08;2653,68;2816,34;2932,62;3083,46;3264,85;3406,61;
4305862000;"Powiat m.Konin";2344,32;2387,14;2367,34;2403,22;2539,66;2717,53;2925,27;3073,39;3225,51;3397,78;3483,18;3546,68;3653,29;3790,14;
4305900000;"PODREGION 59 - LESZCZYŃSKI";1755,10;1823,64;1882,56;1904,72;2017,28;2231,88;2443,79;2582,70;2696,74;2850,87;2979,42;3124,90;3249,21;3348,82;
4305904000;"Powiat gostyński";1815,27;1928,06;1966,59;1928,95;2087,43;2296,05;2553,77;2733,37;2855,27;3004,76;3124,88;3238,49;3282,64;3415,02;
4305905000;"Powiat grodziski";1710,93;1763,47;1792,06;1818,29;1855,39;1992,12;2191,80;2402,82;2501,47;2639,86;2819,79;2945,14;2976,94;2931,27;
4305911000;"Powiat kościański";1777,97;1816,09;1865,90;1893,98;2024,17;2256,12;2528,66;2630,27;2746,53;2855,66;2955,65;3149,89;3257,11;3398,70;
4305913000;"Powiat leszczyński";1850,48;2072,76;2074,61;2152,29;2299,48;2550,36;2749,10;2853,97;3005,53;3194,85;3450,36;3533,58;3678,43;3812,62;
4305914000;"Powiat międzychodzki";1674,37;1706,89;1822,12;1794,89;1919,32;2153,50;2334,46;2592,09;2642,45;2790,82;2839,46;2996,65;3172,75;3207,93;
4305915000;"Powiat nowotomyski";1796,01;1854,88;1911,70;1986,01;2141,58;2397,58;2582,17;2742,29;2882,44;3038,62;3167,43;3283,41;3466,29;3547,42;
4305922000;"Powiat rawicki";1512,11;1582,02;1625,58;1633,32;1738,20;1898,14;2155,03;2287,60;2426,25;2574,75;2716,43;2829,57;2920,61;3045,68;
4305929000;"Powiat wolsztyński";1532,21;1623,09;1751,71;1790,57;1906,04;2180,60;2328,31;2394,07;2490,09;2594,94;2708,32;2812,19;3013,55;3189,94;
4305963000;"Powiat m.Leszno";1969,70;1967,31;2026,44;2047,01;2095,97;2276,53;2489,99;2593,63;2689,37;2892,51;2977,96;3225,98;3362,89;3427,70;
4306000000;"PODREGION 60 - PILSKI";1826,73;1862,53;1943,12;2015,31;2148,41;2393,54;2628,03;2749,86;2885,69;3025,14;3136,94;3302,81;3394,31;3437,96;
4306001000;"Powiat chodzieski";1648,80;1694,80;1776,93;1846,93;1997,07;2295,79;2523,12;2641,06;2743,98;2860,30;3020,99;3226,41;3303,09;3488,04;
4306002000;"Powiat czarnkowsko-trzcianecki";1800,35;1881,73;1943,44;1996,05;2140,37;2340,56;2621,49;2743,37;2848,43;3009,40;3149,29;3226,12;3410,14;3506,61;
4306019000;"Powiat pilski";1962,59;1994,10;2080,86;2185,11;2303,62;2567,82;2765,46;2873,28;3059,54;3186,50;3263,28;3539,58;3635,85;3569,05;
4306028000;"Powiat wągrowiecki";1728,48;1786,06;1867,81;1875,56;1967,28;2143,67;2403,16;2540,06;2679,02;2897,22;3084,27;3074,53;3135,77;3346,90;
4306031000;"Powiat złotowski";1643,82;1656,12;1743,90;1797,70;1950,95;2192,99;2448,80;2610,42;2675,54;2788,01;2922,82;2969,30;3019,42;3114,52;
4306100000;"PODREGION 61 - POZNAŃSKI";1988,91;2100,59;2166,77;2202,44;2313,90;2546,32;2834,59;2878,72;3104,99;3264,00;3377,82;3492,70;3527,19;3693,57;
4306116000;"Powiat obornicki";1858,27;1965,92;2086,73;2064,42;2157,39;2347,03;2476,16;2678,83;2893,44;3031,88;3197,81;3214,37;3595,79;3620,93;
4306121000;"Powiat poznański";2037,60;2170,03;2223,92;2245,02;2362,00;2596,78;2901,70;2909,66;3161,97;3313,05;3405,01;3513,25;3520,37;3697,14;
4306124000;"Powiat szamotulski";2031,21;2071,78;2164,34;2254,24;2335,51;2548,57;2788,34;2880,98;3036,38;3268,61;3569,58;3821,96;3817,63;3975,80;
4306125000;"Powiat średzki";1919,96;1995,66;2122,89;2162,07;2279,84;2548,58;2791,95;2934,94;3053,97;3195,94;3238,52;3310,35;3466,94;3626,56;
4306126000;"Powiat śremski";1821,54;1920,25;1895,29;1951,11;2029,89;2214,05;2502,48;2633,30;2758,09;2893,71;2998,45;3060,02;3108,41;3250,33;
4306200000;"PODREGION 62 - M. POZNAŃ";2395,19;2504,90;2615,90;2734,73;2889,84;3156,71;3517,34;3668,55;3814,08;3987,13;4119,68;4256,82;4354,40;4549,11;
4306264000;"Powiat m.Poznań";2395,19;2504,90;2615,90;2734,73;2889,84;3156,71;3517,34;3668,55;3814,08;3987,13;4119,68;4256,82;4354,40;4549,11;
4320000000;"ZACHODNIOPOMORSKIE";2068,44;2134,74;2221,63;2307,99;2406,98;2615,83;2881,00;3021,51;3120,15;3289,56;3417,76;3539,12;3649,27;3793,68;
4326300000;"PODREGION 63 - KOSZALIŃSKI";1925,32;1970,71;2034,48;2086,95;2192,13;2382,27;2648,82;2773,97;2904,47;3045,57;3189,44;3304,24;3401,87;3480,06;
4326301000;"Powiat białogardzki";1749,98;1791,92;1872,84;1930,55;2027,16;2194,67;2520,14;2595,81;2733,21;2939,20;3090,04;3185,19;3340,94;3394,74;
4326308000;"Powiat kołobrzeski";1785,58;1887,39;1963,54;2056,36;2153,82;2336,90;2648,42;2743,18;2844,96;2952,43;3130,38;3199,39;3311,54;3391,16;
4326309000;"Powiat koszaliński";1823,84;1895,26;1962,48;2037,72;2114,31;2296,30;2503,35;2612,20;2766,65;2999,02;3118,05;3200,10;3310,28;3430,31;
4326313000;"Powiat sławieński";1700,50;1736,90;1759,59;1773,70;1856,78;2124,21;2401,03;2521,60;2630,46;2796,72;2905,46;2958,67;3057,18;3120,70;
4326361000;"Powiat m.Koszalin";2078,06;2103,25;2169,24;2219,75;2352,94;2534,90;2774,00;2931,88;3070,78;3181,23;3323,31;3492,03;3568,03;3644,39;
4326400000;"PODREGION 64 - SZCZECINECKO-PYRZYCKI";1783,33;1831,82;1938,50;2006,34;2076,81;2270,10;2462,28;2601,95;2713,78;2908,19;3045,76;3149,36;3259,79;3338,95;
4326402000;"Powiat choszczeński";1728,19;1768,20;1874,45;1912,19;2027,08;2228,60;2447,98;2676,39;2811,79;2987,64;3151,12;3163,56;3305,47;3397,02;
4326403000;"Powiat drawski";1773,67;1802,40;1936,31;1990,13;1949,77;2158,84;2416,31;2477,64;2589,60;2719,38;2827,94;2909,17;2999,87;3068,19;
4326410000;"Powiat myśliborski";1715,13;1796,42;1885,54;1998,57;2017,82;2206,57;2453,22;2565,77;2680,21;2943,01;3143,15;3315,48;3344,71;3382,88;
4326412000;"Powiat pyrzycki";1834,18;1894,85;1915,58;1918,41;2013,60;2112,50;2377,42;2609,36;2649,26;2735,56;2768,91;2964,75;3091,46;3189,06;
4326415000;"Powiat szczecinecki";2026,02;2033,58;2166,43;2187,41;2343,44;2569,09;2628,48;2764,65;2894,86;3105,57;3244,82;3355,74;3514,38;3574,91;
4326416000;"Powiat świdwiński";1610,46;1658,81;1767,64;1886,16;1922,03;2075,56;2263,03;2415,92;2482,27;2772,15;2892,61;2916,21;3033,78;3162,58;
4326417000;"Powiat wałecki";1711,76;1815,76;1945,07;2017,06;2131,65;2383,47;2538,35;2678,58;2827,15;2978,86;3093,47;3228,77;3336,50;3447,21;
4326418000;"Powiat łobeski";1697,40;1733,44;1822,83;1933,33;1992,79;2124,98;2358,34;2500,41;2642,12;2841,15;3082,29;3122,22;3289,68;3419,11;
4326500000;"PODREGION 65 - M. SZCZECIN";2282,01;2365,24;2476,19;2630,23;2734,68;2975,73;3290,65;3472,49;3586,82;3761,89;3881,46;4029,51;4176,65;4381,58;
4326562000;"Powiat m.Szczecin";2282,01;2365,24;2476,19;2630,23;2734,68;2975,73;3290,65;3472,49;3586,82;3761,89;3881,46;4029,51;4176,65;4381,58;
4326600000;"PODREGION 66 - SZCZECIŃSKI";2078,07;2155,08;2217,02;2274,14;2371,57;2567,68;2837,52;2984,43;3042,28;3204,04;3319,75;3437,47;3546,88;3712,34;
4326604000;"Powiat goleniowski";1946,85;1963,13;2030,30;2107,42;2220,20;2450,32;2690,22;2868,19;3029,67;3151,40;3265,66;3411,12;3511,95;3681,15;
4326605000;"Powiat gryficki";1830,51;1811,15;1847,64;1905,94;1984,91;2203,07;2422,35;2522,96;2680,43;2731,19;2831,03;2935,53;3057,57;3184,98;
4326606000;"Powiat gryfiński";2334,93;2453,05;2551,88;2600,67;2690,10;2928,92;3199,74;3402,32;2918,12;3068,98;3222,07;3327,05;3399,34;3534,88;
4326607000;"Powiat kamieński";1848,97;1914,69;1940,03;1983,01;2068,45;2209,45;2409,50;2590,04;2757,00;2898,73;2968,40;3041,77;3123,30;3201,23;
4326611000;"Powiat policki";2442,90;2568,27;2652,86;2814,30;2913,87;3035,02;3463,16;3439,16;3568,57;3721,07;3921,50;4006,56;4139,86;4309,12;
4326614000;"Powiat stargardzki";1862,91;1933,49;2013,39;2056,89;2130,66;2322,96;2565,94;2790,80;2866,72;3110,83;3171,47;3274,44;3328,64;3523,62;
4326663000;"Powiat m.Świnoujście";2005,51;2241,77;2281,32;2319,39;2472,34;2666,05;2936,78;3087,66;3261,27;3598,11;3729,48;3903,93;4127,79;4344,85;
5000000000;"Region południowo-zachodni";2132,87;2200,04;2317,99;2426,92;2563,20;2807,75;3082,06;3231,74;3356,03;3519,48;3640,02;3791,57;3963,11;4125,17;
5020000000;"DOLNOŚLĄSKIE";2163,57;2233,58;2356,89;2477,56;2617,16;2860,66;3135,83;3295,44;3412,37;3587,25;3709,32;3868,86;4042,86;4204,24;
5020100000;"PODREGION 1 - JELENIOGÓRSKI";2031,09;2085,53;2190,22;2218,44;2332,24;2502,36;2722,69;2910,76;2857,49;3030,82;3154,03;3250,31;3392,52;3548,77;
5020101000;"Powiat bolesławiecki";1873,59;1951,43;2027,29;2086,26;2153,06;2324,46;2476,41;2629,01;2789,80;2936,93;3057,28;3231,49;3422,90;3548,69;
5020105000;"Powiat jaworski";1705,19;1766,69;1851,79;1888,36;2009,38;2193,68;2368,60;2506,86;2654,67;2837,23;2983,89;3040,71;3142,45;3323,37;
5020106000;"Powiat jeleniogórski";1691,34;1754,74;1823,39;1878,46;2012,25;2158,71;2369,63;2562,15;2699,92;2867,09;3031,43;3128,87;3232,50;3413,66;
5020107000;"Powiat kamiennogórski";1728,28;1789,33;1824,14;1863,91;1995,80;2173,04;2374,82;2546,98;2701,25;2864,01;2983,93;3045,35;3161,57;3269,22;
5020110000;"Powiat lubański";1704,60;1736,02;1807,46;1840,27;1941,71;2111,18;2314,66;2464,38;2600,59;2809,95;2937,03;3034,94;3195,72;3313,97;
5020112000;"Powiat lwówecki";1748,34;1814,34;1910,31;1970,42;2065,14;2214,40;2487,06;2613,72;2714,29;2915,48;3010,71;3104,47;3132,07;3323,95;
5020125000;"Powiat zgorzelecki";2663,37;2695,69;2931,96;2900,76;3033,50;3232,80;3506,50;3765,10;3133,95;3264,77;3406,01;3435,69;3551,19;3630,73;
5020126000;"Powiat złotoryjski";1822,97;1893,55;2022,18;2104,68;2240,46;2454,96;2733,11;3054,76;3159,35;3309,08;3424,12;3574,21;3681,55;3826,13;
5020161000;"Powiat m.Jelenia Góra";2106,23;2175,01;2233,19;2286,11;2398,28;2548,93;2795,85;2913,03;2969,75;3192,15;3291,09;3367,22;3577,03;3835,12;
5020200000;"PODREGION 2 - LEGNICKO-GŁOGOWSKI";2510,20;2633,31;2795,73;3022,86;3194,93;3512,55;3710,54;3879,43;4039,96;4238,64;4432,22;4620,55;4796,21;4942,92;
5020203000;"Powiat głogowski";1868,60;1970,64;2045,52;2133,48;2276,38;2452,70;2647,38;2859,95;2914,21;3028,65;3122,99;3320,48;3460,12;3615,99;
5020204000;"Powiat górowski";1730,53;1743,33;1769,96;1857,89;1944,30;2101,60;2376,54;2464,05;2598,06;2755,49;2908,49;3066,83;3142,52;3242,71;
5020209000;"Powiat legnicki";1698,83;1783,42;1807,29;1859,22;1990,38;2181,72;2393,66;2614,48;2737,49;2918,37;3065,20;3179,49;3354,83;3403,32;
5020211000;"Powiat lubiński";3384,93;3611,52;3898,92;4407,02;4669,76;5261,68;5432,42;5615,55;6012,95;6281,17;6541,95;6641,40;6807,05;6955,85;
5020216000;"Powiat polkowicki";2095,42;2116,76;2337,66;2395,29;2573,76;2780,45;3040,94;3177,69;3326,76;3574,09;3731,51;4050,14;4292,91;4430,87;
5020262000;"Powiat m.Legnica";1916,23;1958,43;1975,71;2020,14;2110,66;2282,17;2543,39;2709,33;2763,74;2899,24;3034,05;3188,81;3406,69;3582,11;
5020300000;"PODREGION 3 - WAŁBRZYSKI";1886,73;1945,31;2037,56;2124,09;2242,23;2468,10;2707,44;2872,70;2996,30;3178,25;3279,29;3383,23;3536,76;3657,49;
5020302000;"Powiat dzierżoniowski";1703,68;1785,00;1837,06;1900,52;2028,86;2246,79;2489,40;2645,13;2832,05;3024,11;3113,13;3156,11;3299,96;3406,18;
5020308000;"Powiat kłodzki";1786,22;1839,79;1905,66;1998,81;2102,68;2308,06;2511,35;2663,41;2803,23;2962,33;3063,43;3200,48;3333,36;3410,23;
5020319000;"Powiat świdnicki";1898,74;1992,17;2086,88;2163,89;2284,51;2507,13;2752,82;2939,85;3008,78;3178,31;3279,67;3394,63;3547,60;3736,97;
5020321000;"Powiat wałbrzyski";1639,23;2067,74;2200,07;2290,54;2427,25;2683,57;2952,00;3144,13;3281,07;3470,48;3564,91;3138,11;3213,78;3293,54;
5020324000;"Powiat ząbkowicki";1880,11;1904,57;1979,31;2084,21;2140,38;2307,68;2487,51;2579,21;2709,91;2923,66;3097,44;3201,11;3284,04;3388,52;
5020363000;"Powiat m.Wałbrzych do 2002";2117,52;;;;;;;;;;;;;;
5020365000;"Powiat m.Wałbrzych od 2013";;;;;;;;;;;;3735,14;3943,28;4036,65;
5020400000;"PODREGION 4 - WROCŁAWSKI";1893,40;1949,59;1998,88;2072,83;2198,87;2447,88;2682,81;2812,66;2990,49;3197,45;3322,59;3430,83;3576,33;3634,49;
5020413000;"Powiat milicki";1696,74;1733,47;1781,32;1879,99;1958,43;2190,25;2396,97;2467,59;2620,28;2784,02;2864,74;2935,92;3082,62;3221,15;
5020414000;"Powiat oleśnicki";1740,34;1759,35;1811,32;1900,52;2007,27;2205,88;2448,70;2528,21;2672,93;2856,02;3060,40;3254,89;3308,51;3456,50;
5020415000;"Powiat oławski";1972,34;2049,68;2073,00;2147,26;2282,90;2570,69;2737,90;2863,00;3030,98;3182,71;3302,68;3398,13;3538,01;3738,78;
5020417000;"Powiat strzeliński";1948,89;1993,21;2045,89;2135,19;2195,48;2385,80;2676,17;2860,62;2958,48;3102,58;3293,97;3393,16;3485,97;3595,32;
5020418000;"Powiat średzki";1934,31;2010,33;2112,73;2166,62;2220,80;2452,93;2720,35;2875,09;2993,49;3358,61;3454,21;3602,22;3879,13;3826,72;
5020420000;"Powiat trzebnicki";1843,55;1916,09;2003,25;2051,13;2198,96;2412,72;2668,13;2751,33;3004,13;3117,08;3202,70;3166,96;3226,50;3323,99;
5020422000;"Powiat wołowski";1894,47;1899,98;1962,85;2032,95;2089,54;2410,69;2728,85;2892,09;3036,22;3313,99;3394,22;3554,83;3791,34;4001,80;
5020423000;"Powiat wrocławski";2104,18;2221,17;2232,00;2285,63;2526,97;2697,55;2852,35;3003,49;3195,30;3416,69;3531,74;3638,25;3814,74;3706,59;
5020500000;"PODREGION 5 - M. WROCŁAW";2298,65;2367,30;2511,41;2649,62;2797,71;3048,98;3415,39;3556,10;3675,85;3827,68;3923,93;4129,56;4337,99;4569,88;
5020564000;"Powiat m.Wrocław";2298,65;2367,30;2511,41;2649,62;2797,71;3048,98;3415,39;3556,10;3675,85;3827,68;3923,93;4129,56;4337,99;4569,88;
5160000000;"OPOLSKIE";2029,99;2087,30;2183,74;2249,89;2367,74;2607,45;2873,22;2987,87;3137,29;3249,58;3358,42;3473,40;3632,84;3793,28;
5163100000;"PODREGION 31 - NYSKI";1772,01;1820,19;1919,12;1990,06;2090,09;2327,30;2525,79;2655,47;2780,65;2930,88;3061,39;3178,72;3309,34;3419,91;
5163101000;"Powiat brzeski";1812,89;1842,78;2001,14;2020,56;2109,13;2444,73;2618,35;2687,60;2795,69;2962,78;3067,56;3198,10;3400,47;3546,88;
5163102000;"Powiat głubczycki";1786,49;1842,45;1915,69;1991,34;2148,49;2363,83;2592,27;2750,66;2878,02;3031,11;3111,54;3185,50;3299,08;3354,70;
5163106000;"Powiat namysłowski";1912,57;1956,53;2062,95;2190,63;2180,72;2380,02;2548,88;2671,86;2833,22;2974,33;3152,42;3278,50;3446,82;3609,87;
5163107000;"Powiat nyski";1720,63;1783,79;1847,99;1938,81;2050,28;2257,82;2459,65;2612,02;2733,31;2846,85;3012,34;3117,30;3227,41;3337,24;
5163110000;"Powiat prudnicki";1712,22;1744,88;1856,02;1909,73;2032,48;2224,60;2448,47;2594,65;2730,02;2958,74;3052,97;3216,69;3265,40;3329,80;
5163200000;"PODREGION 32 - OPOLSKI";2144,14;2204,58;2295,24;2357,40;2484,14;2724,22;3014,11;3121,38;3281,48;3378,29;3477,52;3592,28;3762,67;3942,45;
5163203000;"Powiat kędzierzyńsko-kozielski";2140,54;2197,49;2326,20;2387,96;2636,85;2923,97;3290,81;3363,79;3518,97;3753,82;3793,84;4010,56;4241,22;4444,99;
5163204000;"Powiat kluczborski";1822,92;1860,65;1969,43;2022,05;2167,54;2373,00;2634,96;2730,08;2848,38;2994,99;3200,22;3236,92;3381,34;3529,72;
5163205000;"Powiat krapkowicki";2483,63;2587,59;2721,26;2790,61;2931,64;3186,01;3544,89;3602,56;3798,54;3597,89;3720,00;3881,81;4125,02;4183,01;
5163208000;"Powiat oleski";1846,33;1908,09;1979,46;2035,72;2159,31;2263,00;2511,31;2622,70;2731,82;2868,91;3013,57;3086,82;3178,31;3321,49;
5163209000;"Powiat opolski";2032,28;2079,75;2126,06;2191,24;2210,40;2430,34;2637,16;2681,01;2872,04;2785,98;2948,63;3022,58;3210,87;3376,90;
5163211000;"Powiat strzelecki";1840,68;1943,82;2029,00;2104,69;2221,78;2401,25;2656,52;2839,95;2929,69;3079,75;3221,15;3292,79;3434,30;3575,74;
5163261000;"Powiat m.Opole";2276,22;2326,35;2411,36;2471,69;2595,37;2876,99;3193,94;3352,46;3541,80;3714,16;3771,22;3872,66;4009,85;4225,15;
6000000000;"Region północny";2041,93;2104,11;2193,48;2287,97;2413,27;2613,95;2875,25;3013,82;3102,46;3264,58;3391,07;3531,14;3671,72;3782,48;
6040000000;"KUJAWSKO-POMORSKIE";1953,39;2000,96;2087,30;2153,46;2268,87;2443,17;2691,69;2810,97;2910,82;3062,32;3182,31;3322,09;3439,06;3540,25;
6040600000;"PODREGION 6 - BYDGOSKO-TORUŃSKI";2068,58;2117,82;2215,95;2308,20;2440,26;2637,83;2910,95;3015,55;3102,87;3279,74;3399,11;3554,43;3675,57;3818,79;
6040603000;"Powiat bydgoski";1741,56;1784,25;1841,90;1930,38;1966,50;2236,28;2538,37;2611,54;2710,17;2876,85;3028,70;3233,47;3410,14;3548,05;
6040615000;"Powiat toruński";1733,44;1750,13;1848,94;1864,47;1935,61;2100,86;2334,20;2399,99;2520,88;2641,14;2738,84;2911,23;3036,13;3107,90;
6040661000;"Powiat m.Bydgoszcz";2126,46;2162,47;2259,10;2343,98;2482,78;2690,84;2973,85;3074,32;3184,45;3363,68;3468,51;3589,06;3677,79;3850,09;
6040663000;"Powiat m.Toruń";2070,67;2151,47;2267,80;2384,02;2560,95;2753,44;3038,58;3175,43;3220,95;3414,28;3545,32;3719,69;3876,00;3991,61;
6040700000;"PODREGION 7 - GRUDZIĄDZKI";1776,60;1816,57;1891,87;1891,81;2006,98;2178,29;2388,26;2504,33;2638,68;2770,42;2920,47;3050,67;3206,48;3256,32;
6040702000;"Powiat brodnicki";1732,43;1773,08;1838,10;1939,95;2041,19;2198,64;2367,29;2454,56;2593,62;2714,96;2878,25;2989,17;3146,55;3165,06;
6040704000;"Powiat chełmiński";1876,56;1950,95;2045,35;1779,56;1919,16;2108,73;2269,91;2452,10;2685,20;2772,46;2901,58;3095,76;3250,60;3299,94;
6040705000;"Powiat golubsko-dobrzyński";1704,25;1728,81;1810,65;1892,63;1978,27;2164,60;2394,01;2492,92;2655,44;2864,08;3047,13;3179,59;3374,60;3492,49;
6040706000;"Powiat grudziądzki";1668,70;1699,67;1804,01;1951,27;1984,16;2126,35;2362,16;2483,55;2634,23;2840,81;3014,90;3136,50;3305,50;3403,47;
6040712000;"Powiat rypiński";1655,63;1753,19;1830,74;1865,83;2016,12;2144,46;2376,28;2482,02;2645,83;2743,36;2894,87;2983,31;3089,22;3134,03;
6040717000;"Powiat wąbrzeski";1851,50;1809,06;1921,86;1980,24;2073,34;2193,29;2385,45;2582,75;2660,78;2859,74;3010,76;3132,56;3204,19;3336,63;
6040762000;"Powiat m.Grudziądz";1811,37;1842,79;1896,20;1889,84;2014,26;2210,11;2453,87;2553,10;2641,57;2754,99;2885,61;3021,42;3196,00;3212,29;
6040800000;"PODREGION 8 - WŁOCŁAWSKI";1875,47;1925,58;2013,28;2085,49;2186,49;2318,68;2530,72;2679,12;2787,61;2904,53;3010,94;3158,43;3256,36;3321,87;
6040801000;"Powiat aleksandrowski";1666,30;1718,03;1768,67;1813,70;1931,33;2048,15;2264,20;2362,55;2529,72;2624,54;2752,37;2913,18;2992,70;3099,06;
6040808000;"Powiat lipnowski";1622,21;1710,96;1708,61;1921,54;1968,87;2074,42;2337,65;2436,37;2541,26;2668,15;2820,97;2886,36;2898,10;2859,77;
6040811000;"Powiat radziejowski";1682,98;1774,56;1820,47;1902,61;1994,04;2146,56;2346,78;2421,58;2580,17;2687,99;2737,21;2858,06;2931,39;3095,39;
6040818000;"Powiat włocławski";1655,51;1616,40;1628,04;1717,01;1898,26;2010,89;2231,78;2379,63;2500,93;2644,28;2742,36;2883,38;3058,58;3137,40;
6040864000;"Powiat m.Włocławek";2029,35;2090,24;2226,23;2279,95;2383,02;2531,51;2745,60;2931,23;3018,94;3132,44;3240,04;3419,98;3530,87;3631,31;
6046700000;"PODREGION 67 - INOWROCŁAWSKI";1799,88;1836,04;1905,01;1958,96;2052,03;2192,49;2448,48;2606,69;2710,36;2837,70;2940,76;3043,51;3138,04;3220,10;
6046707000;"Powiat inowrocławski";1878,98;1913,68;1988,00;2039,85;2127,09;2251,00;2538,74;2688,19;2784,22;2889,59;2996,73;3096,02;3196,03;3257,22;
6046709000;"Powiat mogileński";1676,93;1727,76;1800,77;1863,38;1977,45;2167,70;2387,27;2550,92;2610,47;2785,00;2860,46;2949,32;3155,63;3317,85;
6046710000;"Powiat nakielski";1751,93;1784,94;1852,69;1932,12;1997,90;2145,00;2375,03;2539,05;2702,71;2868,29;2988,21;3080,04;3122,28;3182,69;
6046719000;"Powiat żniński";1665,11;1703,08;1751,39;1779,84;1906,51;2062,85;2252,18;2413,71;2507,49;2645,24;2741,57;2877,89;2927,35;3042,27;
6046800000;"PODREGION 68 - ŚWIECKI";1903,12;1975,29;2029,57;2065,98;2144,85;2306,41;2547,18;2692,07;2803,04;2926,08;3060,00;3199,93;3318,40;3374,50;
6046813000;"Powiat sępoleński";1574,75;1606,38;1736,88;1811,71;1901,51;2047,91;2296,09;2537,61;2696,45;2820,74;2928,20;3077,03;3148,04;3232,37;
6046814000;"Powiat świecki";2103,67;2191,37;2210,25;2208,99;2290,19;2465,01;2711,04;2813,48;2901,68;3031,32;3171,00;3343,53;3482,66;3516,40;
6046816000;"Powiat tucholski";1675,59;1693,92;1773,60;1855,47;1916,60;2051,01;2267,68;2446,84;2588,59;2694,54;2831,86;2882,14;2983,14;3067,37;
6220000000;"POMORSKIE";2175,63;2257,16;2374,71;2511,25;2650,20;2882,56;3167,70;3320,06;3383,58;3567,49;3696,89;3847,12;4011,59;4132,13;
6224000000;"PODREGION 40 - GDAŃSKI";1847,28;1923,72;1996,13;2047,07;2197,57;2439,76;2669,51;2814,76;2888,65;3018,67;3112,25;3240,53;3379,35;3487,73;
6224004000;"Powiat gdański";1916,30;1966,31;2113,87;2143,99;2401,19;2612,77;2835,59;2969,61;3090,49;3182,04;3295,86;3408,99;3646,31;3806,02;
6224005000;"Powiat kartuski";1752,12;1860,29;1929,29;1972,88;2093,78;2295,23;2520,96;2749,16;2765,79;2887,04;2973,37;3110,80;3217,20;3275,79;
6224010000;"Powiat nowodworski";1782,70;1845,08;1949,89;1995,38;2072,03;2238,76;2489,29;2712,39;2751,87;2972,49;3114,10;3209,61;3350,00;3422,12;
6224011000;"Powiat pucki";1889,24;1905,49;1956,29;2052,23;2165,88;2403,82;2628,47;2735,02;2872,86;3002,77;3144,54;3361,03;3505,43;3584,09;
6224015000;"Powiat wejherowski";1859,51;1963,40;2004,85;2051,05;2200,05;2492,52;2726,86;2829,33;2900,50;3029,92;3091,32;3194,41;3302,51;3441,57;
6224100000;"PODREGION 41 - SŁUPSKI";1832,37;1905,34;1988,38;2051,90;2149,96;2333,01;2585,39;2771,16;2879,61;2996,75;3143,45;3238,52;3386,72;3488,42;
6224101000;"Powiat bytowski";1699,35;1804,97;1879,21;2003,67;2098,96;2277,73;2537,65;2659,26;2766,41;2947,50;3086,80;3133,22;3310,32;3447,30;
6224108000;"Powiat lęborski";1779,60;1868,40;1982,02;2079,09;2167,27;2390,56;2658,12;2786,53;2847,29;2947,96;3146,36;3292,33;3459,86;3554,76;
6224112000;"Powiat słupski";1662,73;1756,63;1850,41;1954,55;2026,43;2208,96;2410,06;2593,99;2783,14;2911,32;3016,33;3128,75;3409,29;3497,25;
6224163000;"Powiat m.Słupsk";1977,03;2026,79;2100,44;2111,10;2231,21;2399,33;2667,51;2897,25;2990,58;3083,98;3234,17;3330,92;3384,58;3478,22;
6224200000;"PODREGION 42 - STAROGARDZKI";2017,38;2150,02;2193,50;2280,76;2391,84;2537,85;2733,06;2884,92;2957,88;3136,22;3307,13;3484,32;3588,58;3666,90;
6224207000;"Powiat kwidzyński";2223,92;2458,31;2344,97;2413,15;2512,04;2611,08;2820,67;2983,83;3030,53;3243,13;3421,10;3524,89;3675,82;3771,88;
6224209000;"Powiat malborski";1895,74;1947,67;2007,41;2044,03;2150,54;2318,06;2657,47;2751,39;2825,70;2963,76;3127,32;3387,60;3375,47;3408,03;
6224213000;"Powiat starogardzki";2013,14;2153,38;2209,43;2313,11;2442,48;2595,63;2727,06;2856,49;2934,77;3058,97;3245,52;3388,99;3443,68;3560,38;
6224214000;"Powiat tczewski";1983,91;2055,31;2204,43;2317,41;2435,18;2593,90;2772,58;2965,20;3061,62;3286,26;3412,17;3626,76;3766,37;3821,28;
6224216000;"Powiat sztumski";1676,72;1760,62;1914,78;1993,51;2054,99;2222,23;2430,42;2598,73;2600,15;2749,43;3017,10;3261,74;3461,78;3455,74;
6224300000;"PODREGION 43 - TRÓJMIEJSKI";2470,83;2551,78;2732,27;2924,86;3092,80;3380,40;3732,78;3906,06;3967,76;4189,86;4307,53;4481,04;4701,11;4864,05;
6224361000;"Powiat m.Gdańsk";2491,47;2611,00;2767,68;3017,45;3177,70;3473,08;3847,90;4053,17;4108,37;4327,35;4411,71;4562,66;4814,14;4992,14;
6224362000;"Powiat m.Gdynia";2423,41;2418,93;2658,04;2741,05;2914,02;3198,33;3493,85;3583,90;3662,62;3938,74;4067,07;4298,33;4457,62;4566,82;
6224364000;"Powiat m.Sopot";2496,10;2593,94;2727,49;2824,33;3068,44;3286,43;3721,15;3901,72;3941,65;3985,66;4375,89;4500,07;4646,29;4836,93;
6227200000;"PODREGION 72 - CHOJNICKI";1739,63;1788,40;1860,65;1934,83;1990,92;2171,65;2409,72;2515,29;2632,59;2752,14;2875,58;2992,83;3087,15;3189,85;
6227202000;"Powiat chojnicki";1689,15;1734,98;1790,87;1881,88;1964,99;2124,02;2350,96;2458,88;2557,33;2689,90;2804,08;2941,87;3043,10;3133,05;
6227203000;"Powiat człuchowski";1749,69;1820,32;1938,97;2021,10;2057,52;2274,37;2552,55;2624,95;2785,13;2902,91;3055,87;3170,99;3267,55;3384,44;
6227206000;"Powiat kościerski";1810,53;1842,89;1898,50;1941,55;1973,62;2158,48;2384,91;2514,05;2628,62;2721,25;2832,98;2919,89;3004,92;3117,95;
6280000000;"WARMIŃSKO-MAZURSKIE";1947,99;2003,28;2050,21;2103,99;2218,32;2398,00;2615,33;2752,41;2879,97;3019,37;3150,27;3264,63;3386,96;3495,02;
6285400000;"PODREGION 54 - ELBLĄSKI";1904,14;1956,02;1902,60;1930,48;2026,42;2209,47;2430,91;2558,56;2685,60;2827,54;3005,10;3111,75;3216,30;3290,30;
6285402000;"Powiat braniewski";1750,16;1840,77;1901,11;1939,50;2099,03;2243,42;2433,31;2548,62;2699,43;2892,95;3038,26;3110,02;3208,18;3241,42;
6285403000;"Powiat działdowski";1655,36;1737,11;1794,44;1838,29;1973,47;2188,50;2443,94;2546,68;2661,38;2634,39;2871,83;2946,62;3045,94;3180,05;
6285404000;"Powiat elbląski";1688,20;1768,57;1784,90;1847,48;1950,03;2085,09;2361,36;2473,75;2554,99;2781,25;2917,00;3030,43;3113,02;3199,49;
6285407000;"Powiat iławski";1619,78;1708,06;1715,10;1786,59;1903,96;2077,76;2231,15;2338,60;2492,56;2639,03;2741,51;2955,21;3026,10;3172,70;
6285412000;"Powiat nowomiejski";1600,25;1685,20;1712,03;1708,76;1824,65;1962,49;2208,04;2308,70;2427,79;2599,04;2738,13;2819,36;2938,87;2878,10;
6285415000;"Powiat ostródzki";1759,46;1802,50;1865,94;1905,22;1982,54;2151,13;2380,30;2503,69;2633,74;2759,64;2950,32;3003,92;3122,59;3175,96;
6285461000;"Powiat m.Elbląg";2281,22;2339,45;2143,79;2135,51;2217,57;2429,10;2670,79;2837,38;2969,87;3168,80;3363,24;3488,01;3620,55;3687,80;
6285500000;"PODREGION 55 - EŁCKI";1782,81;1833,82;1919,51;1973,12;2051,97;2204,99;2425,08;2530,12;2660,81;2806,10;2927,90;3050,59;3184,97;3266,68;
6285505000;"Powiat ełcki";1819,73;1835,02;1934,11;1987,37;2067,67;2205,27;2416,99;2583,85;2721,79;2835,70;2960,87;3086,41;3164,08;3184,73;
6285506000;"Powiat giżycki";1710,37;1780,63;1862,61;1941,41;2021,24;2205,10;2421,67;2485,34;2649,21;2793,21;2938,61;3071,80;3273,35;3369,69;
6285513000;"Powiat olecki";1777,10;1832,13;1923,11;1983,40;2070,33;2275,16;2458,59;2549,90;2599,13;2812,94;2924,79;3088,10;3251,89;3357,05;
6285516000;"Powiat piski";1914,06;2034,15;2113,58;2143,07;2220,25;2394,68;2594,04;2595,80;2726,06;2923,37;3039,30;3137,65;3271,93;3445,13;
6285518000;"Powiat gołdapski";1634,51;1665,23;1725,92;1739,34;1793,58;1871,03;2209,67;2360,83;2515,32;2629,46;2699,45;2775,90;2956,47;3045,01;
6285519000;"Powiat węgorzewski";1648,29;1679,89;1755,03;1835,33;1963,52;2070,27;2284,39;2448,01;2575,77;2664,54;2781,46;2900,60;2983,79;3088,51;
6285600000;"PODREGION 56 - OLSZTYŃSKI";2022,54;2083,59;2184,24;2258,86;2395,32;2586,98;2806,57;2970,65;3098,75;3236,59;3335,89;3454,47;3588,25;3729,95;
6285601000;"Powiat bartoszycki";1772,12;1803,55;1835,77;1910,04;1981,20;2138,45;2357,78;2624,62;2725,29;2866,40;3044,14;3145,53;3269,83;3314,71;
6285608000;"Powiat kętrzyński";1752,77;1824,80;1867,00;1821,43;1894,81;2030,68;2263,18;2423,01;2502,02;2719,97;2816,29;2920,07;3034,16;3165,43;
6285609000;"Powiat lidzbarski";1567,80;1595,49;1724,95;1759,84;1856,80;2008,19;2270,42;2467,93;2632,79;2804,79;2923,59;2969,52;3105,88;3248,95;
6285610000;"Powiat mrągowski";1740,63;1709,89;1814,70;1888,20;2022,52;2244,49;2510,13;2611,13;2823,87;2708,77;2839,59;2940,69;3037,05;3077,81;
6285611000;"Powiat nidzicki";1561,11;1634,21;1721,25;1843,41;1865,70;2078,26;2239,47;2427,52;2513,61;2683,94;2803,04;2876,70;2976,78;3079,14;
6285614000;"Powiat olsztyński";1759,76;1801,78;1876,83;1971,04;2041,68;2310,29;2645,11;2761,13;2910,37;3105,47;3178,11;3259,80;3370,10;3559,63;
6285617000;"Powiat szczycieński";1793,92;1857,81;1941,86;2001,89;2100,15;2240,32;2457,98;2628,35;2781,74;3045,34;3153,84;3242,04;3412,21;3482,48;
6285662000;"Powiat m.Olsztyn";2271,09;2356,41;2477,34;2562,95;2741,54;2931,15;3132,80;3322,72;3443,21;3546,91;3649,18;3795,30;3954,40;4104,05;
